25	2	0	"/var/folders/04/7l1hz2fj7ng5k2r8y97q7cp80000gn/T/trans_feature_xgboost_model-1568317788257/tree_row_1.dat"	"/var/folders/04/7l1hz2fj7ng5k2r8y97q7cp80000gn/T/trans_feature_xgboost_model-1568317788972/region_prediction_row_1.dat"
26	7	0	"/var/folders/04/7l1hz2fj7ng5k2r8y97q7cp80000gn/T/trans_feature_xgboost_model-1568317788972/tree_row_2.dat"	"/var/folders/04/7l1hz2fj7ng5k2r8y97q7cp80000gn/T/trans_feature_xgboost_model-1568317788972/region_prediction_row_2.dat"
26	4	0	"/var/folders/04/7l1hz2fj7ng5k2r8y97q7cp80000gn/T/trans_feature_xgboost_model-1568317788972/tree_row_3.dat"	"/var/folders/04/7l1hz2fj7ng5k2r8y97q7cp80000gn/T/trans_feature_xgboost_model-1568317788972/region_prediction_row_3.dat"
11	2	0	"/var/folders/04/7l1hz2fj7ng5k2r8y97q7cp80000gn/T/trans_feature_xgboost_model-1568317788972/tree_row_4.dat"	"/var/folders/04/7l1hz2fj7ng5k2r8y97q7cp80000gn/T/trans_feature_xgboost_model-1568317788972/region_prediction_row_4.dat"
22	10	0	"/var/folders/04/7l1hz2fj7ng5k2r8y97q7cp80000gn/T/trans_feature_xgboost_model-1568317788972/tree_row_5.dat"	"/var/folders/04/7l1hz2fj7ng5k2r8y97q7cp80000gn/T/trans_feature_xgboost_model-1568317788972/region_prediction_row_5.dat"
11	9	0	"/var/folders/04/7l1hz2fj7ng5k2r8y97q7cp80000gn/T/trans_feature_xgboost_model-1568317788972/tree_row_6.dat"	"/var/folders/04/7l1hz2fj7ng5k2r8y97q7cp80000gn/T/trans_feature_xgboost_model-1568317788972/region_prediction_row_6.dat"
10	6	0	"/var/folders/04/7l1hz2fj7ng5k2r8y97q7cp80000gn/T/trans_feature_xgboost_model-1568317788972/tree_row_7.dat"	"/var/folders/04/7l1hz2fj7ng5k2r8y97q7cp80000gn/T/trans_feature_xgboost_model-1568317788972/region_prediction_row_7.dat"
25	5	0	"/var/folders/04/7l1hz2fj7ng5k2r8y97q7cp80000gn/T/trans_feature_xgboost_model-1568317788972/tree_row_8.dat"	"/var/folders/04/7l1hz2fj7ng5k2r8y97q7cp80000gn/T/trans_feature_xgboost_model-1568317788972/region_prediction_row_8.dat"
29	8	0	"/var/folders/04/7l1hz2fj7ng5k2r8y97q7cp80000gn/T/trans_feature_xgboost_model-1568317788972/tree_row_9.dat"	"/var/folders/04/7l1hz2fj7ng5k2r8y97q7cp80000gn/T/trans_feature_xgboost_model-1568317788972/region_prediction_row_9.dat"
22	9	0	"/var/folders/04/7l1hz2fj7ng5k2r8y97q7cp80000gn/T/trans_feature_xgboost_model-1568317788972/tree_row_10.dat"	"/var/folders/04/7l1hz2fj7ng5k2r8y97q7cp80000gn/T/trans_feature_xgboost_model-1568317788972/region_prediction_row_10.dat"
10	7	0	"/var/folders/04/7l1hz2fj7ng5k2r8y97q7cp80000gn/T/trans_feature_xgboost_model-1568317788972/tree_row_11.dat"	"/var/folders/04/7l1hz2fj7ng5k2r8y97q7cp80000gn/T/trans_feature_xgboost_model-1568317788972/region_prediction_row_11.dat"
19	1	0	"/var/folders/04/7l1hz2fj7ng5k2r8y97q7cp80000gn/T/trans_feature_xgboost_model-1568317788972/tree_row_12.dat"	"/var/folders/04/7l1hz2fj7ng5k2r8y97q7cp80000gn/T/trans_feature_xgboost_model-1568317788972/region_prediction_row_12.dat"
29	5	0	"/var/folders/04/7l1hz2fj7ng5k2r8y97q7cp80000gn/T/trans_feature_xgboost_model-1568317788972/tree_row_13.dat"	"/var/folders/04/7l1hz2fj7ng5k2r8y97q7cp80000gn/T/trans_feature_xgboost_model-1568317788972/region_prediction_row_13.dat"
22	7	0	"/var/folders/04/7l1hz2fj7ng5k2r8y97q7cp80000gn/T/trans_feature_xgboost_model-1568317788972/tree_row_14.dat"	"/var/folders/04/7l1hz2fj7ng5k2r8y97q7cp80000gn/T/trans_feature_xgboost_model-1568317788972/region_prediction_row_14.dat"
26	2	0	"/var/folders/04/7l1hz2fj7ng5k2r8y97q7cp80000gn/T/trans_feature_xgboost_model-1568317788972/tree_row_15.dat"	"/var/folders/04/7l1hz2fj7ng5k2r8y97q7cp80000gn/T/trans_feature_xgboost_model-1568317788972/region_prediction_row_15.dat"
25	3	0	"/var/folders/04/7l1hz2fj7ng5k2r8y97q7cp80000gn/T/trans_feature_xgboost_model-1568317788972/tree_row_16.dat"	"/var/folders/04/7l1hz2fj7ng5k2r8y97q7cp80000gn/T/trans_feature_xgboost_model-1568317788972/region_prediction_row_16.dat"
22	5	0	"/var/folders/04/7l1hz2fj7ng5k2r8y97q7cp80000gn/T/trans_feature_xgboost_model-1568317788972/tree_row_17.dat"	"/var/folders/04/7l1hz2fj7ng5k2r8y97q7cp80000gn/T/trans_feature_xgboost_model-1568317788972/region_prediction_row_17.dat"
11	3	0	"/var/folders/04/7l1hz2fj7ng5k2r8y97q7cp80000gn/T/trans_feature_xgboost_model-1568317788972/tree_row_18.dat"	"/var/folders/04/7l1hz2fj7ng5k2r8y97q7cp80000gn/T/trans_feature_xgboost_model-1568317788972/region_prediction_row_18.dat"
11	4	0	"/var/folders/04/7l1hz2fj7ng5k2r8y97q7cp80000gn/T/trans_feature_xgboost_model-1568317788972/tree_row_19.dat"	"/var/folders/04/7l1hz2fj7ng5k2r8y97q7cp80000gn/T/trans_feature_xgboost_model-1568317788972/region_prediction_row_19.dat"
10	5	0	"/var/folders/04/7l1hz2fj7ng5k2r8y97q7cp80000gn/T/trans_feature_xgboost_model-1568317788972/tree_row_20.dat"	"/var/folders/04/7l1hz2fj7ng5k2r8y97q7cp80000gn/T/trans_feature_xgboost_model-1568317788972/region_prediction_row_20.dat"
27	8	0	"/var/folders/04/7l1hz2fj7ng5k2r8y97q7cp80000gn/T/trans_feature_xgboost_model-1568317788972/tree_row_21.dat"	"/var/folders/04/7l1hz2fj7ng5k2r8y97q7cp80000gn/T/trans_feature_xgboost_model-1568317788972/region_prediction_row_21.dat"
29	2	0	"/var/folders/04/7l1hz2fj7ng5k2r8y97q7cp80000gn/T/trans_feature_xgboost_model-1568317788972/tree_row_22.dat"	"/var/folders/04/7l1hz2fj7ng5k2r8y97q7cp80000gn/T/trans_feature_xgboost_model-1568317788972/region_prediction_row_22.dat"
19	5	0	"/var/folders/04/7l1hz2fj7ng5k2r8y97q7cp80000gn/T/trans_feature_xgboost_model-1568317788972/tree_row_23.dat"	"/var/folders/04/7l1hz2fj7ng5k2r8y97q7cp80000gn/T/trans_feature_xgboost_model-1568317788972/region_prediction_row_23.dat"
10	8	0	"/var/folders/04/7l1hz2fj7ng5k2r8y97q7cp80000gn/T/trans_feature_xgboost_model-1568317788972/tree_row_24.dat"	"/var/folders/04/7l1hz2fj7ng5k2r8y97q7cp80000gn/T/trans_feature_xgboost_model-1568317788972/region_prediction_row_24.dat"
25	10	0	"/var/folders/04/7l1hz2fj7ng5k2r8y97q7cp80000gn/T/trans_feature_xgboost_model-1568317788972/tree_row_25.dat"	"/var/folders/04/7l1hz2fj7ng5k2r8y97q7cp80000gn/T/trans_feature_xgboost_model-1568317788972/region_prediction_row_25.dat"
25	6	0	"/var/folders/04/7l1hz2fj7ng5k2r8y97q7cp80000gn/T/trans_feature_xgboost_model-1568317788972/tree_row_26.dat"	"/var/folders/04/7l1hz2fj7ng5k2r8y97q7cp80000gn/T/trans_feature_xgboost_model-1568317788972/region_prediction_row_26.dat"
26	1	0	"/var/folders/04/7l1hz2fj7ng5k2r8y97q7cp80000gn/T/trans_feature_xgboost_model-1568317788972/tree_row_27.dat"	"/var/folders/04/7l1hz2fj7ng5k2r8y97q7cp80000gn/T/trans_feature_xgboost_model-1568317788972/region_prediction_row_27.dat"
26	6	0	"/var/folders/04/7l1hz2fj7ng5k2r8y97q7cp80000gn/T/trans_feature_xgboost_model-1568317788972/tree_row_28.dat"	"/var/folders/04/7l1hz2fj7ng5k2r8y97q7cp80000gn/T/trans_feature_xgboost_model-1568317788972/region_prediction_row_28.dat"
9	6	0	"/var/folders/04/7l1hz2fj7ng5k2r8y97q7cp80000gn/T/trans_feature_xgboost_model-1568317788972/tree_row_29.dat"	"/var/folders/04/7l1hz2fj7ng5k2r8y97q7cp80000gn/T/trans_feature_xgboost_model-1568317788972/region_prediction_row_29.dat"
10	1	0	"/var/folders/04/7l1hz2fj7ng5k2r8y97q7cp80000gn/T/trans_feature_xgboost_model-1568317788972/tree_row_30.dat"	"/var/folders/04/7l1hz2fj7ng5k2r8y97q7cp80000gn/T/trans_feature_xgboost_model-1568317788972/region_prediction_row_30.dat"
29	3	0	"/var/folders/04/7l1hz2fj7ng5k2r8y97q7cp80000gn/T/trans_feature_xgboost_model-1568317788972/tree_row_31.dat"	"/var/folders/04/7l1hz2fj7ng5k2r8y97q7cp80000gn/T/trans_feature_xgboost_model-1568317788972/region_prediction_row_31.dat"
29	6	0	"/var/folders/04/7l1hz2fj7ng5k2r8y97q7cp80000gn/T/trans_feature_xgboost_model-1568317788972/tree_row_32.dat"	"/var/folders/04/7l1hz2fj7ng5k2r8y97q7cp80000gn/T/trans_feature_xgboost_model-1568317788972/region_prediction_row_32.dat"
19	9	0	"/var/folders/04/7l1hz2fj7ng5k2r8y97q7cp80000gn/T/trans_feature_xgboost_model-1568317788972/tree_row_33.dat"	"/var/folders/04/7l1hz2fj7ng5k2r8y97q7cp80000gn/T/trans_feature_xgboost_model-1568317788972/region_prediction_row_33.dat"
7	5	0	"/var/folders/04/7l1hz2fj7ng5k2r8y97q7cp80000gn/T/trans_feature_xgboost_model-1568317788972/tree_row_34.dat"	"/var/folders/04/7l1hz2fj7ng5k2r8y97q7cp80000gn/T/trans_feature_xgboost_model-1568317788972/region_prediction_row_34.dat"
19	6	0	"/var/folders/04/7l1hz2fj7ng5k2r8y97q7cp80000gn/T/trans_feature_xgboost_model-1568317788972/tree_row_35.dat"	"/var/folders/04/7l1hz2fj7ng5k2r8y97q7cp80000gn/T/trans_feature_xgboost_model-1568317788972/region_prediction_row_35.dat"
10	3	0	"/var/folders/04/7l1hz2fj7ng5k2r8y97q7cp80000gn/T/trans_feature_xgboost_model-1568317788972/tree_row_36.dat"	"/var/folders/04/7l1hz2fj7ng5k2r8y97q7cp80000gn/T/trans_feature_xgboost_model-1568317788972/region_prediction_row_36.dat"
10	10	0	"/var/folders/04/7l1hz2fj7ng5k2r8y97q7cp80000gn/T/trans_feature_xgboost_model-1568317788972/tree_row_37.dat"	"/var/folders/04/7l1hz2fj7ng5k2r8y97q7cp80000gn/T/trans_feature_xgboost_model-1568317788972/region_prediction_row_37.dat"
25	8	0	"/var/folders/04/7l1hz2fj7ng5k2r8y97q7cp80000gn/T/trans_feature_xgboost_model-1568317788972/tree_row_38.dat"	"/var/folders/04/7l1hz2fj7ng5k2r8y97q7cp80000gn/T/trans_feature_xgboost_model-1568317788972/region_prediction_row_38.dat"
26	10	0	"/var/folders/04/7l1hz2fj7ng5k2r8y97q7cp80000gn/T/trans_feature_xgboost_model-1568317788972/tree_row_39.dat"	"/var/folders/04/7l1hz2fj7ng5k2r8y97q7cp80000gn/T/trans_feature_xgboost_model-1568317788972/region_prediction_row_39.dat"
9	4	0	"/var/folders/04/7l1hz2fj7ng5k2r8y97q7cp80000gn/T/trans_feature_xgboost_model-1568317788972/tree_row_40.dat"	"/var/folders/04/7l1hz2fj7ng5k2r8y97q7cp80000gn/T/trans_feature_xgboost_model-1568317788972/region_prediction_row_40.dat"
6	1	0	"/var/folders/04/7l1hz2fj7ng5k2r8y97q7cp80000gn/T/trans_feature_xgboost_model-1568317788972/tree_row_41.dat"	"/var/folders/04/7l1hz2fj7ng5k2r8y97q7cp80000gn/T/trans_feature_xgboost_model-1568317788972/region_prediction_row_41.dat"
25	9	0	"/var/folders/04/7l1hz2fj7ng5k2r8y97q7cp80000gn/T/trans_feature_xgboost_model-1568317788972/tree_row_42.dat"	"/var/folders/04/7l1hz2fj7ng5k2r8y97q7cp80000gn/T/trans_feature_xgboost_model-1568317788972/region_prediction_row_42.dat"
29	1	0	"/var/folders/04/7l1hz2fj7ng5k2r8y97q7cp80000gn/T/trans_feature_xgboost_model-1568317788972/tree_row_43.dat"	"/var/folders/04/7l1hz2fj7ng5k2r8y97q7cp80000gn/T/trans_feature_xgboost_model-1568317788972/region_prediction_row_43.dat"
7	1	0	"/var/folders/04/7l1hz2fj7ng5k2r8y97q7cp80000gn/T/trans_feature_xgboost_model-1568317788972/tree_row_44.dat"	"/var/folders/04/7l1hz2fj7ng5k2r8y97q7cp80000gn/T/trans_feature_xgboost_model-1568317788972/region_prediction_row_44.dat"
11	10	0	"/var/folders/04/7l1hz2fj7ng5k2r8y97q7cp80000gn/T/trans_feature_xgboost_model-1568317788972/tree_row_45.dat"	"/var/folders/04/7l1hz2fj7ng5k2r8y97q7cp80000gn/T/trans_feature_xgboost_model-1568317788972/region_prediction_row_45.dat"
11	1	0	"/var/folders/04/7l1hz2fj7ng5k2r8y97q7cp80000gn/T/trans_feature_xgboost_model-1568317788972/tree_row_46.dat"	"/var/folders/04/7l1hz2fj7ng5k2r8y97q7cp80000gn/T/trans_feature_xgboost_model-1568317788972/region_prediction_row_46.dat"
19	8	0	"/var/folders/04/7l1hz2fj7ng5k2r8y97q7cp80000gn/T/trans_feature_xgboost_model-1568317788972/tree_row_47.dat"	"/var/folders/04/7l1hz2fj7ng5k2r8y97q7cp80000gn/T/trans_feature_xgboost_model-1568317788972/region_prediction_row_47.dat"
22	1	0	"/var/folders/04/7l1hz2fj7ng5k2r8y97q7cp80000gn/T/trans_feature_xgboost_model-1568317788972/tree_row_48.dat"	"/var/folders/04/7l1hz2fj7ng5k2r8y97q7cp80000gn/T/trans_feature_xgboost_model-1568317788972/region_prediction_row_48.dat"
5	1	0	"/var/folders/04/7l1hz2fj7ng5k2r8y97q7cp80000gn/T/trans_feature_xgboost_model-1568317788972/tree_row_49.dat"	"/var/folders/04/7l1hz2fj7ng5k2r8y97q7cp80000gn/T/trans_feature_xgboost_model-1568317788972/region_prediction_row_49.dat"
4	1	0	"/var/folders/04/7l1hz2fj7ng5k2r8y97q7cp80000gn/T/trans_feature_xgboost_model-1568317788972/tree_row_50.dat"	"/var/folders/04/7l1hz2fj7ng5k2r8y97q7cp80000gn/T/trans_feature_xgboost_model-1568317788972/region_prediction_row_50.dat"
15	2	0	"/var/folders/04/7l1hz2fj7ng5k2r8y97q7cp80000gn/T/trans_feature_xgboost_model-1568317788972/tree_row_51.dat"	"/var/folders/04/7l1hz2fj7ng5k2r8y97q7cp80000gn/T/trans_feature_xgboost_model-1568317788972/region_prediction_row_51.dat"
12	3	0	"/var/folders/04/7l1hz2fj7ng5k2r8y97q7cp80000gn/T/trans_feature_xgboost_model-1568317788972/tree_row_52.dat"	"/var/folders/04/7l1hz2fj7ng5k2r8y97q7cp80000gn/T/trans_feature_xgboost_model-1568317788972/region_prediction_row_52.dat"
1	6	0	"/var/folders/04/7l1hz2fj7ng5k2r8y97q7cp80000gn/T/trans_feature_xgboost_model-1568317788972/tree_row_53.dat"	"/var/folders/04/7l1hz2fj7ng5k2r8y97q7cp80000gn/T/trans_feature_xgboost_model-1568317788972/region_prediction_row_53.dat"
17	2	0	"/var/folders/04/7l1hz2fj7ng5k2r8y97q7cp80000gn/T/trans_feature_xgboost_model-1568317788972/tree_row_54.dat"	"/var/folders/04/7l1hz2fj7ng5k2r8y97q7cp80000gn/T/trans_feature_xgboost_model-1568317788972/region_prediction_row_54.dat"
21	2	0	"/var/folders/04/7l1hz2fj7ng5k2r8y97q7cp80000gn/T/trans_feature_xgboost_model-1568317788972/tree_row_55.dat"	"/var/folders/04/7l1hz2fj7ng5k2r8y97q7cp80000gn/T/trans_feature_xgboost_model-1568317788972/region_prediction_row_55.dat"
1	4	0	"/var/folders/04/7l1hz2fj7ng5k2r8y97q7cp80000gn/T/trans_feature_xgboost_model-1568317788972/tree_row_56.dat"	"/var/folders/04/7l1hz2fj7ng5k2r8y97q7cp80000gn/T/trans_feature_xgboost_model-1568317788972/region_prediction_row_56.dat"
28	4	0	"/var/folders/04/7l1hz2fj7ng5k2r8y97q7cp80000gn/T/trans_feature_xgboost_model-1568317788972/tree_row_57.dat"	"/var/folders/04/7l1hz2fj7ng5k2r8y97q7cp80000gn/T/trans_feature_xgboost_model-1568317788972/region_prediction_row_57.dat"
20	3	0	"/var/folders/04/7l1hz2fj7ng5k2r8y97q7cp80000gn/T/trans_feature_xgboost_model-1568317788972/tree_row_58.dat"	"/var/folders/04/7l1hz2fj7ng5k2r8y97q7cp80000gn/T/trans_feature_xgboost_model-1568317788972/region_prediction_row_58.dat"
1	3	0	"/var/folders/04/7l1hz2fj7ng5k2r8y97q7cp80000gn/T/trans_feature_xgboost_model-1568317788972/tree_row_59.dat"	"/var/folders/04/7l1hz2fj7ng5k2r8y97q7cp80000gn/T/trans_feature_xgboost_model-1568317788972/region_prediction_row_59.dat"
7	8	0	"/var/folders/04/7l1hz2fj7ng5k2r8y97q7cp80000gn/T/trans_feature_xgboost_model-1568317788972/tree_row_60.dat"	"/var/folders/04/7l1hz2fj7ng5k2r8y97q7cp80000gn/T/trans_feature_xgboost_model-1568317788972/region_prediction_row_60.dat"
12	5	0	"/var/folders/04/7l1hz2fj7ng5k2r8y97q7cp80000gn/T/trans_feature_xgboost_model-1568317788972/tree_row_61.dat"	"/var/folders/04/7l1hz2fj7ng5k2r8y97q7cp80000gn/T/trans_feature_xgboost_model-1568317788972/region_prediction_row_61.dat"
0	6	0	"/var/folders/04/7l1hz2fj7ng5k2r8y97q7cp80000gn/T/trans_feature_xgboost_model-1568317788972/tree_row_62.dat"	"/var/folders/04/7l1hz2fj7ng5k2r8y97q7cp80000gn/T/trans_feature_xgboost_model-1568317788972/region_prediction_row_62.dat"
7	10	0	"/var/folders/04/7l1hz2fj7ng5k2r8y97q7cp80000gn/T/trans_feature_xgboost_model-1568317788972/tree_row_63.dat"	"/var/folders/04/7l1hz2fj7ng5k2r8y97q7cp80000gn/T/trans_feature_xgboost_model-1568317788972/region_prediction_row_63.dat"
21	1	0	"/var/folders/04/7l1hz2fj7ng5k2r8y97q7cp80000gn/T/trans_feature_xgboost_model-1568317788972/tree_row_64.dat"	"/var/folders/04/7l1hz2fj7ng5k2r8y97q7cp80000gn/T/trans_feature_xgboost_model-1568317788972/region_prediction_row_64.dat"
0	3	0	"/var/folders/04/7l1hz2fj7ng5k2r8y97q7cp80000gn/T/trans_feature_xgboost_model-1568317788972/tree_row_65.dat"	"/var/folders/04/7l1hz2fj7ng5k2r8y97q7cp80000gn/T/trans_feature_xgboost_model-1568317788972/region_prediction_row_65.dat"
4	4	0	"/var/folders/04/7l1hz2fj7ng5k2r8y97q7cp80000gn/T/trans_feature_xgboost_model-1568317788972/tree_row_66.dat"	"/var/folders/04/7l1hz2fj7ng5k2r8y97q7cp80000gn/T/trans_feature_xgboost_model-1568317788972/region_prediction_row_66.dat"
20	1	0	"/var/folders/04/7l1hz2fj7ng5k2r8y97q7cp80000gn/T/trans_feature_xgboost_model-1568317788972/tree_row_67.dat"	"/var/folders/04/7l1hz2fj7ng5k2r8y97q7cp80000gn/T/trans_feature_xgboost_model-1568317788972/region_prediction_row_67.dat"
8	2	0	"/var/folders/04/7l1hz2fj7ng5k2r8y97q7cp80000gn/T/trans_feature_xgboost_model-1568317788972/tree_row_68.dat"	"/var/folders/04/7l1hz2fj7ng5k2r8y97q7cp80000gn/T/trans_feature_xgboost_model-1568317788972/region_prediction_row_68.dat"
0	7	0	"/var/folders/04/7l1hz2fj7ng5k2r8y97q7cp80000gn/T/trans_feature_xgboost_model-1568317788972/tree_row_69.dat"	"/var/folders/04/7l1hz2fj7ng5k2r8y97q7cp80000gn/T/trans_feature_xgboost_model-1568317788972/region_prediction_row_69.dat"
1	10	0	"/var/folders/04/7l1hz2fj7ng5k2r8y97q7cp80000gn/T/trans_feature_xgboost_model-1568317788972/tree_row_70.dat"	"/var/folders/04/7l1hz2fj7ng5k2r8y97q7cp80000gn/T/trans_feature_xgboost_model-1568317788972/region_prediction_row_70.dat"
6	2	0	"/var/folders/04/7l1hz2fj7ng5k2r8y97q7cp80000gn/T/trans_feature_xgboost_model-1568317788972/tree_row_71.dat"	"/var/folders/04/7l1hz2fj7ng5k2r8y97q7cp80000gn/T/trans_feature_xgboost_model-1568317788972/region_prediction_row_71.dat"
18	2	0	"/var/folders/04/7l1hz2fj7ng5k2r8y97q7cp80000gn/T/trans_feature_xgboost_model-1568317788972/tree_row_72.dat"	"/var/folders/04/7l1hz2fj7ng5k2r8y97q7cp80000gn/T/trans_feature_xgboost_model-1568317788972/region_prediction_row_72.dat"
23	2	0	"/var/folders/04/7l1hz2fj7ng5k2r8y97q7cp80000gn/T/trans_feature_xgboost_model-1568317788972/tree_row_73.dat"	"/var/folders/04/7l1hz2fj7ng5k2r8y97q7cp80000gn/T/trans_feature_xgboost_model-1568317788972/region_prediction_row_73.dat"
5	2	0	"/var/folders/04/7l1hz2fj7ng5k2r8y97q7cp80000gn/T/trans_feature_xgboost_model-1568317788972/tree_row_74.dat"	"/var/folders/04/7l1hz2fj7ng5k2r8y97q7cp80000gn/T/trans_feature_xgboost_model-1568317788972/region_prediction_row_74.dat"
6	9	0	"/var/folders/04/7l1hz2fj7ng5k2r8y97q7cp80000gn/T/trans_feature_xgboost_model-1568317788972/tree_row_75.dat"	"/var/folders/04/7l1hz2fj7ng5k2r8y97q7cp80000gn/T/trans_feature_xgboost_model-1568317788972/region_prediction_row_75.dat"
8	1	0	"/var/folders/04/7l1hz2fj7ng5k2r8y97q7cp80000gn/T/trans_feature_xgboost_model-1568317788972/tree_row_76.dat"	"/var/folders/04/7l1hz2fj7ng5k2r8y97q7cp80000gn/T/trans_feature_xgboost_model-1568317788972/region_prediction_row_76.dat"
6	10	0	"/var/folders/04/7l1hz2fj7ng5k2r8y97q7cp80000gn/T/trans_feature_xgboost_model-1568317788972/tree_row_77.dat"	"/var/folders/04/7l1hz2fj7ng5k2r8y97q7cp80000gn/T/trans_feature_xgboost_model-1568317788972/region_prediction_row_77.dat"
7	7	0	"/var/folders/04/7l1hz2fj7ng5k2r8y97q7cp80000gn/T/trans_feature_xgboost_model-1568317788972/tree_row_78.dat"	"/var/folders/04/7l1hz2fj7ng5k2r8y97q7cp80000gn/T/trans_feature_xgboost_model-1568317788972/region_prediction_row_78.dat"
2	7	0	"/var/folders/04/7l1hz2fj7ng5k2r8y97q7cp80000gn/T/trans_feature_xgboost_model-1568317788972/tree_row_79.dat"	"/var/folders/04/7l1hz2fj7ng5k2r8y97q7cp80000gn/T/trans_feature_xgboost_model-1568317788972/region_prediction_row_79.dat"
12	6	0	"/var/folders/04/7l1hz2fj7ng5k2r8y97q7cp80000gn/T/trans_feature_xgboost_model-1568317788972/tree_row_80.dat"	"/var/folders/04/7l1hz2fj7ng5k2r8y97q7cp80000gn/T/trans_feature_xgboost_model-1568317788972/region_prediction_row_80.dat"
4	2	0	"/var/folders/04/7l1hz2fj7ng5k2r8y97q7cp80000gn/T/trans_feature_xgboost_model-1568317788972/tree_row_81.dat"	"/var/folders/04/7l1hz2fj7ng5k2r8y97q7cp80000gn/T/trans_feature_xgboost_model-1568317788972/region_prediction_row_81.dat"
18	4	0	"/var/folders/04/7l1hz2fj7ng5k2r8y97q7cp80000gn/T/trans_feature_xgboost_model-1568317788972/tree_row_82.dat"	"/var/folders/04/7l1hz2fj7ng5k2r8y97q7cp80000gn/T/trans_feature_xgboost_model-1568317788972/region_prediction_row_82.dat"
2	4	0	"/var/folders/04/7l1hz2fj7ng5k2r8y97q7cp80000gn/T/trans_feature_xgboost_model-1568317788972/tree_row_83.dat"	"/var/folders/04/7l1hz2fj7ng5k2r8y97q7cp80000gn/T/trans_feature_xgboost_model-1568317788972/region_prediction_row_83.dat"
3	1	0	"/var/folders/04/7l1hz2fj7ng5k2r8y97q7cp80000gn/T/trans_feature_xgboost_model-1568317788972/tree_row_84.dat"	"/var/folders/04/7l1hz2fj7ng5k2r8y97q7cp80000gn/T/trans_feature_xgboost_model-1568317788972/region_prediction_row_84.dat"
15	5	0	"/var/folders/04/7l1hz2fj7ng5k2r8y97q7cp80000gn/T/trans_feature_xgboost_model-1568317788972/tree_row_85.dat"	"/var/folders/04/7l1hz2fj7ng5k2r8y97q7cp80000gn/T/trans_feature_xgboost_model-1568317788972/region_prediction_row_85.dat"
24	3	0	"/var/folders/04/7l1hz2fj7ng5k2r8y97q7cp80000gn/T/trans_feature_xgboost_model-1568317788972/tree_row_86.dat"	"/var/folders/04/7l1hz2fj7ng5k2r8y97q7cp80000gn/T/trans_feature_xgboost_model-1568317788972/region_prediction_row_86.dat"
12	4	0	"/var/folders/04/7l1hz2fj7ng5k2r8y97q7cp80000gn/T/trans_feature_xgboost_model-1568317788972/tree_row_87.dat"	"/var/folders/04/7l1hz2fj7ng5k2r8y97q7cp80000gn/T/trans_feature_xgboost_model-1568317788972/region_prediction_row_87.dat"
6	5	0	"/var/folders/04/7l1hz2fj7ng5k2r8y97q7cp80000gn/T/trans_feature_xgboost_model-1568317788972/tree_row_88.dat"	"/var/folders/04/7l1hz2fj7ng5k2r8y97q7cp80000gn/T/trans_feature_xgboost_model-1568317788972/region_prediction_row_88.dat"
0	10	0	"/var/folders/04/7l1hz2fj7ng5k2r8y97q7cp80000gn/T/trans_feature_xgboost_model-1568317788972/tree_row_89.dat"	"/var/folders/04/7l1hz2fj7ng5k2r8y97q7cp80000gn/T/trans_feature_xgboost_model-1568317788972/region_prediction_row_89.dat"
28	3	0	"/var/folders/04/7l1hz2fj7ng5k2r8y97q7cp80000gn/T/trans_feature_xgboost_model-1568317788972/tree_row_90.dat"	"/var/folders/04/7l1hz2fj7ng5k2r8y97q7cp80000gn/T/trans_feature_xgboost_model-1568317788972/region_prediction_row_90.dat"
1	9	0	"/var/folders/04/7l1hz2fj7ng5k2r8y97q7cp80000gn/T/trans_feature_xgboost_model-1568317788972/tree_row_91.dat"	"/var/folders/04/7l1hz2fj7ng5k2r8y97q7cp80000gn/T/trans_feature_xgboost_model-1568317788972/region_prediction_row_91.dat"
14	2	0	"/var/folders/04/7l1hz2fj7ng5k2r8y97q7cp80000gn/T/trans_feature_xgboost_model-1568317788972/tree_row_92.dat"	"/var/folders/04/7l1hz2fj7ng5k2r8y97q7cp80000gn/T/trans_feature_xgboost_model-1568317788972/region_prediction_row_92.dat"
17	3	0	"/var/folders/04/7l1hz2fj7ng5k2r8y97q7cp80000gn/T/trans_feature_xgboost_model-1568317788972/tree_row_93.dat"	"/var/folders/04/7l1hz2fj7ng5k2r8y97q7cp80000gn/T/trans_feature_xgboost_model-1568317788972/region_prediction_row_93.dat"
29	10	0	"/var/folders/04/7l1hz2fj7ng5k2r8y97q7cp80000gn/T/trans_feature_xgboost_model-1568317788972/tree_row_94.dat"	"/var/folders/04/7l1hz2fj7ng5k2r8y97q7cp80000gn/T/trans_feature_xgboost_model-1568317788972/region_prediction_row_94.dat"
3	5	0	"/var/folders/04/7l1hz2fj7ng5k2r8y97q7cp80000gn/T/trans_feature_xgboost_model-1568317788972/tree_row_95.dat"	"/var/folders/04/7l1hz2fj7ng5k2r8y97q7cp80000gn/T/trans_feature_xgboost_model-1568317788972/region_prediction_row_95.dat"
7	9	0	"/var/folders/04/7l1hz2fj7ng5k2r8y97q7cp80000gn/T/trans_feature_xgboost_model-1568317788972/tree_row_96.dat"	"/var/folders/04/7l1hz2fj7ng5k2r8y97q7cp80000gn/T/trans_feature_xgboost_model-1568317788972/region_prediction_row_96.dat"
8	4	0	"/var/folders/04/7l1hz2fj7ng5k2r8y97q7cp80000gn/T/trans_feature_xgboost_model-1568317788972/tree_row_97.dat"	"/var/folders/04/7l1hz2fj7ng5k2r8y97q7cp80000gn/T/trans_feature_xgboost_model-1568317788972/region_prediction_row_97.dat"
12	8	0	"/var/folders/04/7l1hz2fj7ng5k2r8y97q7cp80000gn/T/trans_feature_xgboost_model-1568317788972/tree_row_98.dat"	"/var/folders/04/7l1hz2fj7ng5k2r8y97q7cp80000gn/T/trans_feature_xgboost_model-1568317788972/region_prediction_row_98.dat"
21	5	0	"/var/folders/04/7l1hz2fj7ng5k2r8y97q7cp80000gn/T/trans_feature_xgboost_model-1568317788972/tree_row_99.dat"	"/var/folders/04/7l1hz2fj7ng5k2r8y97q7cp80000gn/T/trans_feature_xgboost_model-1568317788972/region_prediction_row_99.dat"
24	4	0	"/var/folders/04/7l1hz2fj7ng5k2r8y97q7cp80000gn/T/trans_feature_xgboost_model-1568317788972/tree_row_100.dat"	"/var/folders/04/7l1hz2fj7ng5k2r8y97q7cp80000gn/T/trans_feature_xgboost_model-1568317788972/region_prediction_row_100.dat"
14	5	0	"/var/folders/04/7l1hz2fj7ng5k2r8y97q7cp80000gn/T/trans_feature_xgboost_model-1568317788972/tree_row_101.dat"	"/var/folders/04/7l1hz2fj7ng5k2r8y97q7cp80000gn/T/trans_feature_xgboost_model-1568317788972/region_prediction_row_101.dat"
13	8	0	"/var/folders/04/7l1hz2fj7ng5k2r8y97q7cp80000gn/T/trans_feature_xgboost_model-1568317788972/tree_row_102.dat"	"/var/folders/04/7l1hz2fj7ng5k2r8y97q7cp80000gn/T/trans_feature_xgboost_model-1568317788972/region_prediction_row_102.dat"
6	7	0	"/var/folders/04/7l1hz2fj7ng5k2r8y97q7cp80000gn/T/trans_feature_xgboost_model-1568317788972/tree_row_103.dat"	"/var/folders/04/7l1hz2fj7ng5k2r8y97q7cp80000gn/T/trans_feature_xgboost_model-1568317788972/region_prediction_row_103.dat"
12	9	0	"/var/folders/04/7l1hz2fj7ng5k2r8y97q7cp80000gn/T/trans_feature_xgboost_model-1568317788972/tree_row_104.dat"	"/var/folders/04/7l1hz2fj7ng5k2r8y97q7cp80000gn/T/trans_feature_xgboost_model-1568317788972/region_prediction_row_104.dat"
18	8	0	"/var/folders/04/7l1hz2fj7ng5k2r8y97q7cp80000gn/T/trans_feature_xgboost_model-1568317788972/tree_row_105.dat"	"/var/folders/04/7l1hz2fj7ng5k2r8y97q7cp80000gn/T/trans_feature_xgboost_model-1568317788972/region_prediction_row_105.dat"
5	9	0	"/var/folders/04/7l1hz2fj7ng5k2r8y97q7cp80000gn/T/trans_feature_xgboost_model-1568317788972/tree_row_106.dat"	"/var/folders/04/7l1hz2fj7ng5k2r8y97q7cp80000gn/T/trans_feature_xgboost_model-1568317788972/region_prediction_row_106.dat"
16	6	0	"/var/folders/04/7l1hz2fj7ng5k2r8y97q7cp80000gn/T/trans_feature_xgboost_model-1568317788972/tree_row_107.dat"	"/var/folders/04/7l1hz2fj7ng5k2r8y97q7cp80000gn/T/trans_feature_xgboost_model-1568317788972/region_prediction_row_107.dat"
17	4	0	"/var/folders/04/7l1hz2fj7ng5k2r8y97q7cp80000gn/T/trans_feature_xgboost_model-1568317788972/tree_row_108.dat"	"/var/folders/04/7l1hz2fj7ng5k2r8y97q7cp80000gn/T/trans_feature_xgboost_model-1568317788972/region_prediction_row_108.dat"
8	10	0	"/var/folders/04/7l1hz2fj7ng5k2r8y97q7cp80000gn/T/trans_feature_xgboost_model-1568317788972/tree_row_109.dat"	"/var/folders/04/7l1hz2fj7ng5k2r8y97q7cp80000gn/T/trans_feature_xgboost_model-1568317788972/region_prediction_row_109.dat"
3	10	0	"/var/folders/04/7l1hz2fj7ng5k2r8y97q7cp80000gn/T/trans_feature_xgboost_model-1568317788972/tree_row_110.dat"	"/var/folders/04/7l1hz2fj7ng5k2r8y97q7cp80000gn/T/trans_feature_xgboost_model-1568317788972/region_prediction_row_110.dat"
5	5	0	"/var/folders/04/7l1hz2fj7ng5k2r8y97q7cp80000gn/T/trans_feature_xgboost_model-1568317788972/tree_row_111.dat"	"/var/folders/04/7l1hz2fj7ng5k2r8y97q7cp80000gn/T/trans_feature_xgboost_model-1568317788972/region_prediction_row_111.dat"
6	4	0	"/var/folders/04/7l1hz2fj7ng5k2r8y97q7cp80000gn/T/trans_feature_xgboost_model-1568317788972/tree_row_112.dat"	"/var/folders/04/7l1hz2fj7ng5k2r8y97q7cp80000gn/T/trans_feature_xgboost_model-1568317788972/region_prediction_row_112.dat"
8	8	0	"/var/folders/04/7l1hz2fj7ng5k2r8y97q7cp80000gn/T/trans_feature_xgboost_model-1568317788972/tree_row_113.dat"	"/var/folders/04/7l1hz2fj7ng5k2r8y97q7cp80000gn/T/trans_feature_xgboost_model-1568317788972/region_prediction_row_113.dat"
21	4	0	"/var/folders/04/7l1hz2fj7ng5k2r8y97q7cp80000gn/T/trans_feature_xgboost_model-1568317788972/tree_row_114.dat"	"/var/folders/04/7l1hz2fj7ng5k2r8y97q7cp80000gn/T/trans_feature_xgboost_model-1568317788972/region_prediction_row_114.dat"
6	3	0	"/var/folders/04/7l1hz2fj7ng5k2r8y97q7cp80000gn/T/trans_feature_xgboost_model-1568317788972/tree_row_115.dat"	"/var/folders/04/7l1hz2fj7ng5k2r8y97q7cp80000gn/T/trans_feature_xgboost_model-1568317788972/region_prediction_row_115.dat"
6	6	0	"/var/folders/04/7l1hz2fj7ng5k2r8y97q7cp80000gn/T/trans_feature_xgboost_model-1568317788972/tree_row_116.dat"	"/var/folders/04/7l1hz2fj7ng5k2r8y97q7cp80000gn/T/trans_feature_xgboost_model-1568317788972/region_prediction_row_116.dat"
21	6	0	"/var/folders/04/7l1hz2fj7ng5k2r8y97q7cp80000gn/T/trans_feature_xgboost_model-1568317788972/tree_row_117.dat"	"/var/folders/04/7l1hz2fj7ng5k2r8y97q7cp80000gn/T/trans_feature_xgboost_model-1568317788972/region_prediction_row_117.dat"
20	10	0	"/var/folders/04/7l1hz2fj7ng5k2r8y97q7cp80000gn/T/trans_feature_xgboost_model-1568317788972/tree_row_118.dat"	"/var/folders/04/7l1hz2fj7ng5k2r8y97q7cp80000gn/T/trans_feature_xgboost_model-1568317788972/region_prediction_row_118.dat"
17	10	0	"/var/folders/04/7l1hz2fj7ng5k2r8y97q7cp80000gn/T/trans_feature_xgboost_model-1568317788972/tree_row_119.dat"	"/var/folders/04/7l1hz2fj7ng5k2r8y97q7cp80000gn/T/trans_feature_xgboost_model-1568317788972/region_prediction_row_119.dat"
3	7	0	"/var/folders/04/7l1hz2fj7ng5k2r8y97q7cp80000gn/T/trans_feature_xgboost_model-1568317788972/tree_row_120.dat"	"/var/folders/04/7l1hz2fj7ng5k2r8y97q7cp80000gn/T/trans_feature_xgboost_model-1568317788972/region_prediction_row_120.dat"
4	9	0	"/var/folders/04/7l1hz2fj7ng5k2r8y97q7cp80000gn/T/trans_feature_xgboost_model-1568317788972/tree_row_121.dat"	"/var/folders/04/7l1hz2fj7ng5k2r8y97q7cp80000gn/T/trans_feature_xgboost_model-1568317788972/region_prediction_row_121.dat"
13	9	0	"/var/folders/04/7l1hz2fj7ng5k2r8y97q7cp80000gn/T/trans_feature_xgboost_model-1568317788972/tree_row_122.dat"	"/var/folders/04/7l1hz2fj7ng5k2r8y97q7cp80000gn/T/trans_feature_xgboost_model-1568317788972/region_prediction_row_122.dat"
5	3	0	"/var/folders/04/7l1hz2fj7ng5k2r8y97q7cp80000gn/T/trans_feature_xgboost_model-1568317788972/tree_row_123.dat"	"/var/folders/04/7l1hz2fj7ng5k2r8y97q7cp80000gn/T/trans_feature_xgboost_model-1568317788972/region_prediction_row_123.dat"
8	7	0	"/var/folders/04/7l1hz2fj7ng5k2r8y97q7cp80000gn/T/trans_feature_xgboost_model-1568317788972/tree_row_124.dat"	"/var/folders/04/7l1hz2fj7ng5k2r8y97q7cp80000gn/T/trans_feature_xgboost_model-1568317788972/region_prediction_row_124.dat"
20	6	0	"/var/folders/04/7l1hz2fj7ng5k2r8y97q7cp80000gn/T/trans_feature_xgboost_model-1568317788972/tree_row_125.dat"	"/var/folders/04/7l1hz2fj7ng5k2r8y97q7cp80000gn/T/trans_feature_xgboost_model-1568317788972/region_prediction_row_125.dat"
4	3	0	"/var/folders/04/7l1hz2fj7ng5k2r8y97q7cp80000gn/T/trans_feature_xgboost_model-1568317788972/tree_row_126.dat"	"/var/folders/04/7l1hz2fj7ng5k2r8y97q7cp80000gn/T/trans_feature_xgboost_model-1568317788972/region_prediction_row_126.dat"
21	10	0	"/var/folders/04/7l1hz2fj7ng5k2r8y97q7cp80000gn/T/trans_feature_xgboost_model-1568317788972/tree_row_127.dat"	"/var/folders/04/7l1hz2fj7ng5k2r8y97q7cp80000gn/T/trans_feature_xgboost_model-1568317788972/region_prediction_row_127.dat"
18	6	0	"/var/folders/04/7l1hz2fj7ng5k2r8y97q7cp80000gn/T/trans_feature_xgboost_model-1568317788972/tree_row_128.dat"	"/var/folders/04/7l1hz2fj7ng5k2r8y97q7cp80000gn/T/trans_feature_xgboost_model-1568317788972/region_prediction_row_128.dat"
21	7	0	"/var/folders/04/7l1hz2fj7ng5k2r8y97q7cp80000gn/T/trans_feature_xgboost_model-1568317788972/tree_row_129.dat"	"/var/folders/04/7l1hz2fj7ng5k2r8y97q7cp80000gn/T/trans_feature_xgboost_model-1568317788972/region_prediction_row_129.dat"
16	10	0	"/var/folders/04/7l1hz2fj7ng5k2r8y97q7cp80000gn/T/trans_feature_xgboost_model-1568317788972/tree_row_130.dat"	"/var/folders/04/7l1hz2fj7ng5k2r8y97q7cp80000gn/T/trans_feature_xgboost_model-1568317788972/region_prediction_row_130.dat"
28	7	0	"/var/folders/04/7l1hz2fj7ng5k2r8y97q7cp80000gn/T/trans_feature_xgboost_model-1568317788972/tree_row_131.dat"	"/var/folders/04/7l1hz2fj7ng5k2r8y97q7cp80000gn/T/trans_feature_xgboost_model-1568317788972/region_prediction_row_131.dat"
17	8	0	"/var/folders/04/7l1hz2fj7ng5k2r8y97q7cp80000gn/T/trans_feature_xgboost_model-1568317788972/tree_row_132.dat"	"/var/folders/04/7l1hz2fj7ng5k2r8y97q7cp80000gn/T/trans_feature_xgboost_model-1568317788972/region_prediction_row_132.dat"
4	6	0	"/var/folders/04/7l1hz2fj7ng5k2r8y97q7cp80000gn/T/trans_feature_xgboost_model-1568317788972/tree_row_133.dat"	"/var/folders/04/7l1hz2fj7ng5k2r8y97q7cp80000gn/T/trans_feature_xgboost_model-1568317788972/region_prediction_row_133.dat"
4	7	0	"/var/folders/04/7l1hz2fj7ng5k2r8y97q7cp80000gn/T/trans_feature_xgboost_model-1568317788972/tree_row_134.dat"	"/var/folders/04/7l1hz2fj7ng5k2r8y97q7cp80000gn/T/trans_feature_xgboost_model-1568317788972/region_prediction_row_134.dat"
12	10	0	"/var/folders/04/7l1hz2fj7ng5k2r8y97q7cp80000gn/T/trans_feature_xgboost_model-1568317788972/tree_row_135.dat"	"/var/folders/04/7l1hz2fj7ng5k2r8y97q7cp80000gn/T/trans_feature_xgboost_model-1568317788972/region_prediction_row_135.dat"
20	4	0	"/var/folders/04/7l1hz2fj7ng5k2r8y97q7cp80000gn/T/trans_feature_xgboost_model-1568317788972/tree_row_136.dat"	"/var/folders/04/7l1hz2fj7ng5k2r8y97q7cp80000gn/T/trans_feature_xgboost_model-1568317788972/region_prediction_row_136.dat"
5	10	0	"/var/folders/04/7l1hz2fj7ng5k2r8y97q7cp80000gn/T/trans_feature_xgboost_model-1568317788972/tree_row_137.dat"	"/var/folders/04/7l1hz2fj7ng5k2r8y97q7cp80000gn/T/trans_feature_xgboost_model-1568317788972/region_prediction_row_137.dat"
5	6	0	"/var/folders/04/7l1hz2fj7ng5k2r8y97q7cp80000gn/T/trans_feature_xgboost_model-1568317788972/tree_row_138.dat"	"/var/folders/04/7l1hz2fj7ng5k2r8y97q7cp80000gn/T/trans_feature_xgboost_model-1568317788972/region_prediction_row_138.dat"
24	9	0	"/var/folders/04/7l1hz2fj7ng5k2r8y97q7cp80000gn/T/trans_feature_xgboost_model-1568317788972/tree_row_139.dat"	"/var/folders/04/7l1hz2fj7ng5k2r8y97q7cp80000gn/T/trans_feature_xgboost_model-1568317788972/region_prediction_row_139.dat"
4	8	0	"/var/folders/04/7l1hz2fj7ng5k2r8y97q7cp80000gn/T/trans_feature_xgboost_model-1568317788972/tree_row_140.dat"	"/var/folders/04/7l1hz2fj7ng5k2r8y97q7cp80000gn/T/trans_feature_xgboost_model-1568317788972/region_prediction_row_140.dat"
4	5	0	"/var/folders/04/7l1hz2fj7ng5k2r8y97q7cp80000gn/T/trans_feature_xgboost_model-1568317788972/tree_row_141.dat"	"/var/folders/04/7l1hz2fj7ng5k2r8y97q7cp80000gn/T/trans_feature_xgboost_model-1568317788972/region_prediction_row_141.dat"
16	4	0	"/var/folders/04/7l1hz2fj7ng5k2r8y97q7cp80000gn/T/trans_feature_xgboost_model-1568317788972/tree_row_142.dat"	"/var/folders/04/7l1hz2fj7ng5k2r8y97q7cp80000gn/T/trans_feature_xgboost_model-1568317788972/region_prediction_row_142.dat"
15	10	0	"/var/folders/04/7l1hz2fj7ng5k2r8y97q7cp80000gn/T/trans_feature_xgboost_model-1568317788972/tree_row_143.dat"	"/var/folders/04/7l1hz2fj7ng5k2r8y97q7cp80000gn/T/trans_feature_xgboost_model-1568317788972/region_prediction_row_143.dat"
15	6	0	"/var/folders/04/7l1hz2fj7ng5k2r8y97q7cp80000gn/T/trans_feature_xgboost_model-1568317788972/tree_row_144.dat"	"/var/folders/04/7l1hz2fj7ng5k2r8y97q7cp80000gn/T/trans_feature_xgboost_model-1568317788972/region_prediction_row_144.dat"
29	9	0	"/var/folders/04/7l1hz2fj7ng5k2r8y97q7cp80000gn/T/trans_feature_xgboost_model-1568317788972/tree_row_145.dat"	"/var/folders/04/7l1hz2fj7ng5k2r8y97q7cp80000gn/T/trans_feature_xgboost_model-1568317788972/region_prediction_row_145.dat"
26	5	0	"/var/folders/04/7l1hz2fj7ng5k2r8y97q7cp80000gn/T/trans_feature_xgboost_model-1568317788972/tree_row_146.dat"	"/var/folders/04/7l1hz2fj7ng5k2r8y97q7cp80000gn/T/trans_feature_xgboost_model-1568317788972/region_prediction_row_146.dat"
27	2	0	"/var/folders/04/7l1hz2fj7ng5k2r8y97q7cp80000gn/T/trans_feature_xgboost_model-1568317788972/tree_row_147.dat"	"/var/folders/04/7l1hz2fj7ng5k2r8y97q7cp80000gn/T/trans_feature_xgboost_model-1568317788972/region_prediction_row_147.dat"
23	9	0	"/var/folders/04/7l1hz2fj7ng5k2r8y97q7cp80000gn/T/trans_feature_xgboost_model-1568317788972/tree_row_148.dat"	"/var/folders/04/7l1hz2fj7ng5k2r8y97q7cp80000gn/T/trans_feature_xgboost_model-1568317788972/region_prediction_row_148.dat"
22	6	0	"/var/folders/04/7l1hz2fj7ng5k2r8y97q7cp80000gn/T/trans_feature_xgboost_model-1568317788972/tree_row_149.dat"	"/var/folders/04/7l1hz2fj7ng5k2r8y97q7cp80000gn/T/trans_feature_xgboost_model-1568317788972/region_prediction_row_149.dat"
9	9	0	"/var/folders/04/7l1hz2fj7ng5k2r8y97q7cp80000gn/T/trans_feature_xgboost_model-1568317788972/tree_row_150.dat"	"/var/folders/04/7l1hz2fj7ng5k2r8y97q7cp80000gn/T/trans_feature_xgboost_model-1568317788972/region_prediction_row_150.dat"
25	1	0	"/var/folders/04/7l1hz2fj7ng5k2r8y97q7cp80000gn/T/trans_feature_xgboost_model-1568317788972/tree_row_151.dat"	"/var/folders/04/7l1hz2fj7ng5k2r8y97q7cp80000gn/T/trans_feature_xgboost_model-1568317788972/region_prediction_row_151.dat"
0	1	0	"/var/folders/04/7l1hz2fj7ng5k2r8y97q7cp80000gn/T/trans_feature_xgboost_model-1568317788972/tree_row_152.dat"	"/var/folders/04/7l1hz2fj7ng5k2r8y97q7cp80000gn/T/trans_feature_xgboost_model-1568317788972/region_prediction_row_152.dat"
7	4	0	"/var/folders/04/7l1hz2fj7ng5k2r8y97q7cp80000gn/T/trans_feature_xgboost_model-1568317788972/tree_row_153.dat"	"/var/folders/04/7l1hz2fj7ng5k2r8y97q7cp80000gn/T/trans_feature_xgboost_model-1568317788972/region_prediction_row_153.dat"
23	7	0	"/var/folders/04/7l1hz2fj7ng5k2r8y97q7cp80000gn/T/trans_feature_xgboost_model-1568317788972/tree_row_154.dat"	"/var/folders/04/7l1hz2fj7ng5k2r8y97q7cp80000gn/T/trans_feature_xgboost_model-1568317788972/region_prediction_row_154.dat"
26	9	0	"/var/folders/04/7l1hz2fj7ng5k2r8y97q7cp80000gn/T/trans_feature_xgboost_model-1568317788972/tree_row_155.dat"	"/var/folders/04/7l1hz2fj7ng5k2r8y97q7cp80000gn/T/trans_feature_xgboost_model-1568317788972/region_prediction_row_155.dat"
22	3	0	"/var/folders/04/7l1hz2fj7ng5k2r8y97q7cp80000gn/T/trans_feature_xgboost_model-1568317788972/tree_row_156.dat"	"/var/folders/04/7l1hz2fj7ng5k2r8y97q7cp80000gn/T/trans_feature_xgboost_model-1568317788972/region_prediction_row_156.dat"
28	10	0	"/var/folders/04/7l1hz2fj7ng5k2r8y97q7cp80000gn/T/trans_feature_xgboost_model-1568317788972/tree_row_157.dat"	"/var/folders/04/7l1hz2fj7ng5k2r8y97q7cp80000gn/T/trans_feature_xgboost_model-1568317788972/region_prediction_row_157.dat"
27	3	0	"/var/folders/04/7l1hz2fj7ng5k2r8y97q7cp80000gn/T/trans_feature_xgboost_model-1568317788972/tree_row_158.dat"	"/var/folders/04/7l1hz2fj7ng5k2r8y97q7cp80000gn/T/trans_feature_xgboost_model-1568317788972/region_prediction_row_158.dat"
7	3	0	"/var/folders/04/7l1hz2fj7ng5k2r8y97q7cp80000gn/T/trans_feature_xgboost_model-1568317788972/tree_row_159.dat"	"/var/folders/04/7l1hz2fj7ng5k2r8y97q7cp80000gn/T/trans_feature_xgboost_model-1568317788972/region_prediction_row_159.dat"
9	2	0	"/var/folders/04/7l1hz2fj7ng5k2r8y97q7cp80000gn/T/trans_feature_xgboost_model-1568317788972/tree_row_160.dat"	"/var/folders/04/7l1hz2fj7ng5k2r8y97q7cp80000gn/T/trans_feature_xgboost_model-1568317788972/region_prediction_row_160.dat"
27	1	0	"/var/folders/04/7l1hz2fj7ng5k2r8y97q7cp80000gn/T/trans_feature_xgboost_model-1568317788972/tree_row_161.dat"	"/var/folders/04/7l1hz2fj7ng5k2r8y97q7cp80000gn/T/trans_feature_xgboost_model-1568317788972/region_prediction_row_161.dat"
11	8	0	"/var/folders/04/7l1hz2fj7ng5k2r8y97q7cp80000gn/T/trans_feature_xgboost_model-1568317788972/tree_row_162.dat"	"/var/folders/04/7l1hz2fj7ng5k2r8y97q7cp80000gn/T/trans_feature_xgboost_model-1568317788972/region_prediction_row_162.dat"
27	6	0	"/var/folders/04/7l1hz2fj7ng5k2r8y97q7cp80000gn/T/trans_feature_xgboost_model-1568317788972/tree_row_163.dat"	"/var/folders/04/7l1hz2fj7ng5k2r8y97q7cp80000gn/T/trans_feature_xgboost_model-1568317788972/region_prediction_row_163.dat"
28	8	0	"/var/folders/04/7l1hz2fj7ng5k2r8y97q7cp80000gn/T/trans_feature_xgboost_model-1568317788972/tree_row_164.dat"	"/var/folders/04/7l1hz2fj7ng5k2r8y97q7cp80000gn/T/trans_feature_xgboost_model-1568317788972/region_prediction_row_164.dat"
26	3	0	"/var/folders/04/7l1hz2fj7ng5k2r8y97q7cp80000gn/T/trans_feature_xgboost_model-1568317788972/tree_row_165.dat"	"/var/folders/04/7l1hz2fj7ng5k2r8y97q7cp80000gn/T/trans_feature_xgboost_model-1568317788972/region_prediction_row_165.dat"
28	9	0	"/var/folders/04/7l1hz2fj7ng5k2r8y97q7cp80000gn/T/trans_feature_xgboost_model-1568317788972/tree_row_166.dat"	"/var/folders/04/7l1hz2fj7ng5k2r8y97q7cp80000gn/T/trans_feature_xgboost_model-1568317788972/region_prediction_row_166.dat"
7	6	0	"/var/folders/04/7l1hz2fj7ng5k2r8y97q7cp80000gn/T/trans_feature_xgboost_model-1568317788972/tree_row_167.dat"	"/var/folders/04/7l1hz2fj7ng5k2r8y97q7cp80000gn/T/trans_feature_xgboost_model-1568317788972/region_prediction_row_167.dat"
25	7	0	"/var/folders/04/7l1hz2fj7ng5k2r8y97q7cp80000gn/T/trans_feature_xgboost_model-1568317788972/tree_row_168.dat"	"/var/folders/04/7l1hz2fj7ng5k2r8y97q7cp80000gn/T/trans_feature_xgboost_model-1568317788972/region_prediction_row_168.dat"
9	8	0	"/var/folders/04/7l1hz2fj7ng5k2r8y97q7cp80000gn/T/trans_feature_xgboost_model-1568317788972/tree_row_169.dat"	"/var/folders/04/7l1hz2fj7ng5k2r8y97q7cp80000gn/T/trans_feature_xgboost_model-1568317788972/region_prediction_row_169.dat"
11	7	0	"/var/folders/04/7l1hz2fj7ng5k2r8y97q7cp80000gn/T/trans_feature_xgboost_model-1568317788972/tree_row_170.dat"	"/var/folders/04/7l1hz2fj7ng5k2r8y97q7cp80000gn/T/trans_feature_xgboost_model-1568317788972/region_prediction_row_170.dat"
22	8	0	"/var/folders/04/7l1hz2fj7ng5k2r8y97q7cp80000gn/T/trans_feature_xgboost_model-1568317788972/tree_row_171.dat"	"/var/folders/04/7l1hz2fj7ng5k2r8y97q7cp80000gn/T/trans_feature_xgboost_model-1568317788972/region_prediction_row_171.dat"
10	4	0	"/var/folders/04/7l1hz2fj7ng5k2r8y97q7cp80000gn/T/trans_feature_xgboost_model-1568317788972/tree_row_172.dat"	"/var/folders/04/7l1hz2fj7ng5k2r8y97q7cp80000gn/T/trans_feature_xgboost_model-1568317788972/region_prediction_row_172.dat"
19	4	0	"/var/folders/04/7l1hz2fj7ng5k2r8y97q7cp80000gn/T/trans_feature_xgboost_model-1568317788972/tree_row_173.dat"	"/var/folders/04/7l1hz2fj7ng5k2r8y97q7cp80000gn/T/trans_feature_xgboost_model-1568317788972/region_prediction_row_173.dat"
29	4	0	"/var/folders/04/7l1hz2fj7ng5k2r8y97q7cp80000gn/T/trans_feature_xgboost_model-1568317788972/tree_row_174.dat"	"/var/folders/04/7l1hz2fj7ng5k2r8y97q7cp80000gn/T/trans_feature_xgboost_model-1568317788972/region_prediction_row_174.dat"
14	9	0	"/var/folders/04/7l1hz2fj7ng5k2r8y97q7cp80000gn/T/trans_feature_xgboost_model-1568317788972/tree_row_175.dat"	"/var/folders/04/7l1hz2fj7ng5k2r8y97q7cp80000gn/T/trans_feature_xgboost_model-1568317788972/region_prediction_row_175.dat"
27	7	0	"/var/folders/04/7l1hz2fj7ng5k2r8y97q7cp80000gn/T/trans_feature_xgboost_model-1568317788972/tree_row_176.dat"	"/var/folders/04/7l1hz2fj7ng5k2r8y97q7cp80000gn/T/trans_feature_xgboost_model-1568317788972/region_prediction_row_176.dat"
23	8	0	"/var/folders/04/7l1hz2fj7ng5k2r8y97q7cp80000gn/T/trans_feature_xgboost_model-1568317788972/tree_row_177.dat"	"/var/folders/04/7l1hz2fj7ng5k2r8y97q7cp80000gn/T/trans_feature_xgboost_model-1568317788972/region_prediction_row_177.dat"
13	7	0	"/var/folders/04/7l1hz2fj7ng5k2r8y97q7cp80000gn/T/trans_feature_xgboost_model-1568317788972/tree_row_178.dat"	"/var/folders/04/7l1hz2fj7ng5k2r8y97q7cp80000gn/T/trans_feature_xgboost_model-1568317788972/region_prediction_row_178.dat"
24	1	0	"/var/folders/04/7l1hz2fj7ng5k2r8y97q7cp80000gn/T/trans_feature_xgboost_model-1568317788972/tree_row_179.dat"	"/var/folders/04/7l1hz2fj7ng5k2r8y97q7cp80000gn/T/trans_feature_xgboost_model-1568317788972/region_prediction_row_179.dat"
12	2	0	"/var/folders/04/7l1hz2fj7ng5k2r8y97q7cp80000gn/T/trans_feature_xgboost_model-1568317788972/tree_row_180.dat"	"/var/folders/04/7l1hz2fj7ng5k2r8y97q7cp80000gn/T/trans_feature_xgboost_model-1568317788972/region_prediction_row_180.dat"
28	2	0	"/var/folders/04/7l1hz2fj7ng5k2r8y97q7cp80000gn/T/trans_feature_xgboost_model-1568317788972/tree_row_181.dat"	"/var/folders/04/7l1hz2fj7ng5k2r8y97q7cp80000gn/T/trans_feature_xgboost_model-1568317788972/region_prediction_row_181.dat"
18	3	0	"/var/folders/04/7l1hz2fj7ng5k2r8y97q7cp80000gn/T/trans_feature_xgboost_model-1568317788972/tree_row_182.dat"	"/var/folders/04/7l1hz2fj7ng5k2r8y97q7cp80000gn/T/trans_feature_xgboost_model-1568317788972/region_prediction_row_182.dat"
13	1	0	"/var/folders/04/7l1hz2fj7ng5k2r8y97q7cp80000gn/T/trans_feature_xgboost_model-1568317788972/tree_row_183.dat"	"/var/folders/04/7l1hz2fj7ng5k2r8y97q7cp80000gn/T/trans_feature_xgboost_model-1568317788972/region_prediction_row_183.dat"
13	5	0	"/var/folders/04/7l1hz2fj7ng5k2r8y97q7cp80000gn/T/trans_feature_xgboost_model-1568317788972/tree_row_184.dat"	"/var/folders/04/7l1hz2fj7ng5k2r8y97q7cp80000gn/T/trans_feature_xgboost_model-1568317788972/region_prediction_row_184.dat"
0	9	0	"/var/folders/04/7l1hz2fj7ng5k2r8y97q7cp80000gn/T/trans_feature_xgboost_model-1568317788972/tree_row_185.dat"	"/var/folders/04/7l1hz2fj7ng5k2r8y97q7cp80000gn/T/trans_feature_xgboost_model-1568317788972/region_prediction_row_185.dat"
22	2	0	"/var/folders/04/7l1hz2fj7ng5k2r8y97q7cp80000gn/T/trans_feature_xgboost_model-1568317788972/tree_row_186.dat"	"/var/folders/04/7l1hz2fj7ng5k2r8y97q7cp80000gn/T/trans_feature_xgboost_model-1568317788972/region_prediction_row_186.dat"
16	2	0	"/var/folders/04/7l1hz2fj7ng5k2r8y97q7cp80000gn/T/trans_feature_xgboost_model-1568317788972/tree_row_187.dat"	"/var/folders/04/7l1hz2fj7ng5k2r8y97q7cp80000gn/T/trans_feature_xgboost_model-1568317788972/region_prediction_row_187.dat"
15	1	0	"/var/folders/04/7l1hz2fj7ng5k2r8y97q7cp80000gn/T/trans_feature_xgboost_model-1568317788972/tree_row_188.dat"	"/var/folders/04/7l1hz2fj7ng5k2r8y97q7cp80000gn/T/trans_feature_xgboost_model-1568317788972/region_prediction_row_188.dat"
25	4	0	"/var/folders/04/7l1hz2fj7ng5k2r8y97q7cp80000gn/T/trans_feature_xgboost_model-1568317788972/tree_row_189.dat"	"/var/folders/04/7l1hz2fj7ng5k2r8y97q7cp80000gn/T/trans_feature_xgboost_model-1568317788972/region_prediction_row_189.dat"
28	1	0	"/var/folders/04/7l1hz2fj7ng5k2r8y97q7cp80000gn/T/trans_feature_xgboost_model-1568317788972/tree_row_190.dat"	"/var/folders/04/7l1hz2fj7ng5k2r8y97q7cp80000gn/T/trans_feature_xgboost_model-1568317788972/region_prediction_row_190.dat"
3	6	0	"/var/folders/04/7l1hz2fj7ng5k2r8y97q7cp80000gn/T/trans_feature_xgboost_model-1568317788972/tree_row_191.dat"	"/var/folders/04/7l1hz2fj7ng5k2r8y97q7cp80000gn/T/trans_feature_xgboost_model-1568317788972/region_prediction_row_191.dat"
18	1	0	"/var/folders/04/7l1hz2fj7ng5k2r8y97q7cp80000gn/T/trans_feature_xgboost_model-1568317788972/tree_row_192.dat"	"/var/folders/04/7l1hz2fj7ng5k2r8y97q7cp80000gn/T/trans_feature_xgboost_model-1568317788972/region_prediction_row_192.dat"
16	1	0	"/var/folders/04/7l1hz2fj7ng5k2r8y97q7cp80000gn/T/trans_feature_xgboost_model-1568317788972/tree_row_193.dat"	"/var/folders/04/7l1hz2fj7ng5k2r8y97q7cp80000gn/T/trans_feature_xgboost_model-1568317788972/region_prediction_row_193.dat"
3	3	0	"/var/folders/04/7l1hz2fj7ng5k2r8y97q7cp80000gn/T/trans_feature_xgboost_model-1568317788972/tree_row_194.dat"	"/var/folders/04/7l1hz2fj7ng5k2r8y97q7cp80000gn/T/trans_feature_xgboost_model-1568317788972/region_prediction_row_194.dat"
3	4	0	"/var/folders/04/7l1hz2fj7ng5k2r8y97q7cp80000gn/T/trans_feature_xgboost_model-1568317788972/tree_row_195.dat"	"/var/folders/04/7l1hz2fj7ng5k2r8y97q7cp80000gn/T/trans_feature_xgboost_model-1568317788972/region_prediction_row_195.dat"
1	1	0	"/var/folders/04/7l1hz2fj7ng5k2r8y97q7cp80000gn/T/trans_feature_xgboost_model-1568317788972/tree_row_196.dat"	"/var/folders/04/7l1hz2fj7ng5k2r8y97q7cp80000gn/T/trans_feature_xgboost_model-1568317788972/region_prediction_row_196.dat"
27	9	0	"/var/folders/04/7l1hz2fj7ng5k2r8y97q7cp80000gn/T/trans_feature_xgboost_model-1568317788972/tree_row_197.dat"	"/var/folders/04/7l1hz2fj7ng5k2r8y97q7cp80000gn/T/trans_feature_xgboost_model-1568317788972/region_prediction_row_197.dat"
13	6	0	"/var/folders/04/7l1hz2fj7ng5k2r8y97q7cp80000gn/T/trans_feature_xgboost_model-1568317788972/tree_row_198.dat"	"/var/folders/04/7l1hz2fj7ng5k2r8y97q7cp80000gn/T/trans_feature_xgboost_model-1568317788972/region_prediction_row_198.dat"
15	4	0	"/var/folders/04/7l1hz2fj7ng5k2r8y97q7cp80000gn/T/trans_feature_xgboost_model-1568317788972/tree_row_199.dat"	"/var/folders/04/7l1hz2fj7ng5k2r8y97q7cp80000gn/T/trans_feature_xgboost_model-1568317788972/region_prediction_row_199.dat"
0	5	0	"/var/folders/04/7l1hz2fj7ng5k2r8y97q7cp80000gn/T/trans_feature_xgboost_model-1568317788972/tree_row_200.dat"	"/var/folders/04/7l1hz2fj7ng5k2r8y97q7cp80000gn/T/trans_feature_xgboost_model-1568317788972/region_prediction_row_200.dat"
2	3	0	"/var/folders/04/7l1hz2fj7ng5k2r8y97q7cp80000gn/T/trans_feature_xgboost_model-1568317788972/tree_row_201.dat"	"/var/folders/04/7l1hz2fj7ng5k2r8y97q7cp80000gn/T/trans_feature_xgboost_model-1568317788972/region_prediction_row_201.dat"
21	3	0	"/var/folders/04/7l1hz2fj7ng5k2r8y97q7cp80000gn/T/trans_feature_xgboost_model-1568317788972/tree_row_202.dat"	"/var/folders/04/7l1hz2fj7ng5k2r8y97q7cp80000gn/T/trans_feature_xgboost_model-1568317788972/region_prediction_row_202.dat"
17	1	0	"/var/folders/04/7l1hz2fj7ng5k2r8y97q7cp80000gn/T/trans_feature_xgboost_model-1568317788972/tree_row_203.dat"	"/var/folders/04/7l1hz2fj7ng5k2r8y97q7cp80000gn/T/trans_feature_xgboost_model-1568317788972/region_prediction_row_203.dat"
23	3	0	"/var/folders/04/7l1hz2fj7ng5k2r8y97q7cp80000gn/T/trans_feature_xgboost_model-1568317788972/tree_row_204.dat"	"/var/folders/04/7l1hz2fj7ng5k2r8y97q7cp80000gn/T/trans_feature_xgboost_model-1568317788972/region_prediction_row_204.dat"
13	4	0	"/var/folders/04/7l1hz2fj7ng5k2r8y97q7cp80000gn/T/trans_feature_xgboost_model-1568317788972/tree_row_205.dat"	"/var/folders/04/7l1hz2fj7ng5k2r8y97q7cp80000gn/T/trans_feature_xgboost_model-1568317788972/region_prediction_row_205.dat"
27	4	0	"/var/folders/04/7l1hz2fj7ng5k2r8y97q7cp80000gn/T/trans_feature_xgboost_model-1568317788972/tree_row_206.dat"	"/var/folders/04/7l1hz2fj7ng5k2r8y97q7cp80000gn/T/trans_feature_xgboost_model-1568317788972/region_prediction_row_206.dat"
1	7	0	"/var/folders/04/7l1hz2fj7ng5k2r8y97q7cp80000gn/T/trans_feature_xgboost_model-1568317788972/tree_row_207.dat"	"/var/folders/04/7l1hz2fj7ng5k2r8y97q7cp80000gn/T/trans_feature_xgboost_model-1568317788972/region_prediction_row_207.dat"
14	8	0	"/var/folders/04/7l1hz2fj7ng5k2r8y97q7cp80000gn/T/trans_feature_xgboost_model-1568317788972/tree_row_208.dat"	"/var/folders/04/7l1hz2fj7ng5k2r8y97q7cp80000gn/T/trans_feature_xgboost_model-1568317788972/region_prediction_row_208.dat"
20	5	0	"/var/folders/04/7l1hz2fj7ng5k2r8y97q7cp80000gn/T/trans_feature_xgboost_model-1568317788972/tree_row_209.dat"	"/var/folders/04/7l1hz2fj7ng5k2r8y97q7cp80000gn/T/trans_feature_xgboost_model-1568317788972/region_prediction_row_209.dat"
15	8	0	"/var/folders/04/7l1hz2fj7ng5k2r8y97q7cp80000gn/T/trans_feature_xgboost_model-1568317788972/tree_row_210.dat"	"/var/folders/04/7l1hz2fj7ng5k2r8y97q7cp80000gn/T/trans_feature_xgboost_model-1568317788972/region_prediction_row_210.dat"
3	8	0	"/var/folders/04/7l1hz2fj7ng5k2r8y97q7cp80000gn/T/trans_feature_xgboost_model-1568317788972/tree_row_211.dat"	"/var/folders/04/7l1hz2fj7ng5k2r8y97q7cp80000gn/T/trans_feature_xgboost_model-1568317788972/region_prediction_row_211.dat"
2	10	0	"/var/folders/04/7l1hz2fj7ng5k2r8y97q7cp80000gn/T/trans_feature_xgboost_model-1568317788972/tree_row_212.dat"	"/var/folders/04/7l1hz2fj7ng5k2r8y97q7cp80000gn/T/trans_feature_xgboost_model-1568317788972/region_prediction_row_212.dat"
28	5	0	"/var/folders/04/7l1hz2fj7ng5k2r8y97q7cp80000gn/T/trans_feature_xgboost_model-1568317788972/tree_row_213.dat"	"/var/folders/04/7l1hz2fj7ng5k2r8y97q7cp80000gn/T/trans_feature_xgboost_model-1568317788972/region_prediction_row_213.dat"
24	8	0	"/var/folders/04/7l1hz2fj7ng5k2r8y97q7cp80000gn/T/trans_feature_xgboost_model-1568317788972/tree_row_214.dat"	"/var/folders/04/7l1hz2fj7ng5k2r8y97q7cp80000gn/T/trans_feature_xgboost_model-1568317788972/region_prediction_row_214.dat"
21	9	0	"/var/folders/04/7l1hz2fj7ng5k2r8y97q7cp80000gn/T/trans_feature_xgboost_model-1568317788972/tree_row_215.dat"	"/var/folders/04/7l1hz2fj7ng5k2r8y97q7cp80000gn/T/trans_feature_xgboost_model-1568317788972/region_prediction_row_215.dat"
12	1	0	"/var/folders/04/7l1hz2fj7ng5k2r8y97q7cp80000gn/T/trans_feature_xgboost_model-1568317788972/tree_row_216.dat"	"/var/folders/04/7l1hz2fj7ng5k2r8y97q7cp80000gn/T/trans_feature_xgboost_model-1568317788972/region_prediction_row_216.dat"
2	9	0	"/var/folders/04/7l1hz2fj7ng5k2r8y97q7cp80000gn/T/trans_feature_xgboost_model-1568317788972/tree_row_217.dat"	"/var/folders/04/7l1hz2fj7ng5k2r8y97q7cp80000gn/T/trans_feature_xgboost_model-1568317788972/region_prediction_row_217.dat"
23	4	0	"/var/folders/04/7l1hz2fj7ng5k2r8y97q7cp80000gn/T/trans_feature_xgboost_model-1568317788972/tree_row_218.dat"	"/var/folders/04/7l1hz2fj7ng5k2r8y97q7cp80000gn/T/trans_feature_xgboost_model-1568317788972/region_prediction_row_218.dat"
3	2	0	"/var/folders/04/7l1hz2fj7ng5k2r8y97q7cp80000gn/T/trans_feature_xgboost_model-1568317788972/tree_row_219.dat"	"/var/folders/04/7l1hz2fj7ng5k2r8y97q7cp80000gn/T/trans_feature_xgboost_model-1568317788972/region_prediction_row_219.dat"
20	7	0	"/var/folders/04/7l1hz2fj7ng5k2r8y97q7cp80000gn/T/trans_feature_xgboost_model-1568317788972/tree_row_220.dat"	"/var/folders/04/7l1hz2fj7ng5k2r8y97q7cp80000gn/T/trans_feature_xgboost_model-1568317788972/region_prediction_row_220.dat"
24	10	0	"/var/folders/04/7l1hz2fj7ng5k2r8y97q7cp80000gn/T/trans_feature_xgboost_model-1568317788972/tree_row_221.dat"	"/var/folders/04/7l1hz2fj7ng5k2r8y97q7cp80000gn/T/trans_feature_xgboost_model-1568317788972/region_prediction_row_221.dat"
17	6	0	"/var/folders/04/7l1hz2fj7ng5k2r8y97q7cp80000gn/T/trans_feature_xgboost_model-1568317788972/tree_row_222.dat"	"/var/folders/04/7l1hz2fj7ng5k2r8y97q7cp80000gn/T/trans_feature_xgboost_model-1568317788972/region_prediction_row_222.dat"
18	5	0	"/var/folders/04/7l1hz2fj7ng5k2r8y97q7cp80000gn/T/trans_feature_xgboost_model-1568317788972/tree_row_223.dat"	"/var/folders/04/7l1hz2fj7ng5k2r8y97q7cp80000gn/T/trans_feature_xgboost_model-1568317788972/region_prediction_row_223.dat"
2	8	0	"/var/folders/04/7l1hz2fj7ng5k2r8y97q7cp80000gn/T/trans_feature_xgboost_model-1568317788972/tree_row_224.dat"	"/var/folders/04/7l1hz2fj7ng5k2r8y97q7cp80000gn/T/trans_feature_xgboost_model-1568317788972/region_prediction_row_224.dat"
20	8	0	"/var/folders/04/7l1hz2fj7ng5k2r8y97q7cp80000gn/T/trans_feature_xgboost_model-1568317788972/tree_row_225.dat"	"/var/folders/04/7l1hz2fj7ng5k2r8y97q7cp80000gn/T/trans_feature_xgboost_model-1568317788972/region_prediction_row_225.dat"
17	7	0	"/var/folders/04/7l1hz2fj7ng5k2r8y97q7cp80000gn/T/trans_feature_xgboost_model-1568317788972/tree_row_226.dat"	"/var/folders/04/7l1hz2fj7ng5k2r8y97q7cp80000gn/T/trans_feature_xgboost_model-1568317788972/region_prediction_row_226.dat"
0	8	0	"/var/folders/04/7l1hz2fj7ng5k2r8y97q7cp80000gn/T/trans_feature_xgboost_model-1568317788972/tree_row_227.dat"	"/var/folders/04/7l1hz2fj7ng5k2r8y97q7cp80000gn/T/trans_feature_xgboost_model-1568317788972/region_prediction_row_227.dat"
18	7	0	"/var/folders/04/7l1hz2fj7ng5k2r8y97q7cp80000gn/T/trans_feature_xgboost_model-1568317788972/tree_row_228.dat"	"/var/folders/04/7l1hz2fj7ng5k2r8y97q7cp80000gn/T/trans_feature_xgboost_model-1568317788972/region_prediction_row_228.dat"
13	10	0	"/var/folders/04/7l1hz2fj7ng5k2r8y97q7cp80000gn/T/trans_feature_xgboost_model-1568317788972/tree_row_229.dat"	"/var/folders/04/7l1hz2fj7ng5k2r8y97q7cp80000gn/T/trans_feature_xgboost_model-1568317788972/region_prediction_row_229.dat"
12	7	0	"/var/folders/04/7l1hz2fj7ng5k2r8y97q7cp80000gn/T/trans_feature_xgboost_model-1568317788972/tree_row_230.dat"	"/var/folders/04/7l1hz2fj7ng5k2r8y97q7cp80000gn/T/trans_feature_xgboost_model-1568317788972/region_prediction_row_230.dat"
16	8	0	"/var/folders/04/7l1hz2fj7ng5k2r8y97q7cp80000gn/T/trans_feature_xgboost_model-1568317788972/tree_row_231.dat"	"/var/folders/04/7l1hz2fj7ng5k2r8y97q7cp80000gn/T/trans_feature_xgboost_model-1568317788972/region_prediction_row_231.dat"
4	10	0	"/var/folders/04/7l1hz2fj7ng5k2r8y97q7cp80000gn/T/trans_feature_xgboost_model-1568317788972/tree_row_232.dat"	"/var/folders/04/7l1hz2fj7ng5k2r8y97q7cp80000gn/T/trans_feature_xgboost_model-1568317788972/region_prediction_row_232.dat"
24	5	0	"/var/folders/04/7l1hz2fj7ng5k2r8y97q7cp80000gn/T/trans_feature_xgboost_model-1568317788972/tree_row_233.dat"	"/var/folders/04/7l1hz2fj7ng5k2r8y97q7cp80000gn/T/trans_feature_xgboost_model-1568317788972/region_prediction_row_233.dat"
5	8	0	"/var/folders/04/7l1hz2fj7ng5k2r8y97q7cp80000gn/T/trans_feature_xgboost_model-1568317788972/tree_row_234.dat"	"/var/folders/04/7l1hz2fj7ng5k2r8y97q7cp80000gn/T/trans_feature_xgboost_model-1568317788972/region_prediction_row_234.dat"
6	8	0	"/var/folders/04/7l1hz2fj7ng5k2r8y97q7cp80000gn/T/trans_feature_xgboost_model-1568317788972/tree_row_235.dat"	"/var/folders/04/7l1hz2fj7ng5k2r8y97q7cp80000gn/T/trans_feature_xgboost_model-1568317788972/region_prediction_row_235.dat"
8	3	0	"/var/folders/04/7l1hz2fj7ng5k2r8y97q7cp80000gn/T/trans_feature_xgboost_model-1568317788972/tree_row_236.dat"	"/var/folders/04/7l1hz2fj7ng5k2r8y97q7cp80000gn/T/trans_feature_xgboost_model-1568317788972/region_prediction_row_236.dat"
14	6	0	"/var/folders/04/7l1hz2fj7ng5k2r8y97q7cp80000gn/T/trans_feature_xgboost_model-1568317788972/tree_row_237.dat"	"/var/folders/04/7l1hz2fj7ng5k2r8y97q7cp80000gn/T/trans_feature_xgboost_model-1568317788972/region_prediction_row_237.dat"
19	2	0	"/var/folders/04/7l1hz2fj7ng5k2r8y97q7cp80000gn/T/trans_feature_xgboost_model-1568317788972/tree_row_238.dat"	"/var/folders/04/7l1hz2fj7ng5k2r8y97q7cp80000gn/T/trans_feature_xgboost_model-1568317788972/region_prediction_row_238.dat"
10	9	0	"/var/folders/04/7l1hz2fj7ng5k2r8y97q7cp80000gn/T/trans_feature_xgboost_model-1568317788972/tree_row_239.dat"	"/var/folders/04/7l1hz2fj7ng5k2r8y97q7cp80000gn/T/trans_feature_xgboost_model-1568317788972/region_prediction_row_239.dat"
11	6	0	"/var/folders/04/7l1hz2fj7ng5k2r8y97q7cp80000gn/T/trans_feature_xgboost_model-1568317788972/tree_row_240.dat"	"/var/folders/04/7l1hz2fj7ng5k2r8y97q7cp80000gn/T/trans_feature_xgboost_model-1568317788972/region_prediction_row_240.dat"
-1	-1	-1	"/var/folders/04/7l1hz2fj7ng5k2r8y97q7cp80000gn/T/trans_feature_xgboost_model-1568317788972/tree_row_241.dat"	"/var/folders/04/7l1hz2fj7ng5k2r8y97q7cp80000gn/T/trans_feature_xgboost_model-1568317788972/region_prediction_row_241.dat"
14	4	0	"/var/folders/04/7l1hz2fj7ng5k2r8y97q7cp80000gn/T/trans_feature_xgboost_model-1568317788972/tree_row_242.dat"	"/var/folders/04/7l1hz2fj7ng5k2r8y97q7cp80000gn/T/trans_feature_xgboost_model-1568317788972/region_prediction_row_242.dat"
9	3	0	"/var/folders/04/7l1hz2fj7ng5k2r8y97q7cp80000gn/T/trans_feature_xgboost_model-1568317788972/tree_row_243.dat"	"/var/folders/04/7l1hz2fj7ng5k2r8y97q7cp80000gn/T/trans_feature_xgboost_model-1568317788972/region_prediction_row_243.dat"
16	7	0	"/var/folders/04/7l1hz2fj7ng5k2r8y97q7cp80000gn/T/trans_feature_xgboost_model-1568317788972/tree_row_244.dat"	"/var/folders/04/7l1hz2fj7ng5k2r8y97q7cp80000gn/T/trans_feature_xgboost_model-1568317788972/region_prediction_row_244.dat"
18	10	0	"/var/folders/04/7l1hz2fj7ng5k2r8y97q7cp80000gn/T/trans_feature_xgboost_model-1568317788972/tree_row_245.dat"	"/var/folders/04/7l1hz2fj7ng5k2r8y97q7cp80000gn/T/trans_feature_xgboost_model-1568317788972/region_prediction_row_245.dat"
14	10	0	"/var/folders/04/7l1hz2fj7ng5k2r8y97q7cp80000gn/T/trans_feature_xgboost_model-1568317788972/tree_row_246.dat"	"/var/folders/04/7l1hz2fj7ng5k2r8y97q7cp80000gn/T/trans_feature_xgboost_model-1568317788972/region_prediction_row_246.dat"
7	2	0	"/var/folders/04/7l1hz2fj7ng5k2r8y97q7cp80000gn/T/trans_feature_xgboost_model-1568317788972/tree_row_247.dat"	"/var/folders/04/7l1hz2fj7ng5k2r8y97q7cp80000gn/T/trans_feature_xgboost_model-1568317788972/region_prediction_row_247.dat"
21	8	0	"/var/folders/04/7l1hz2fj7ng5k2r8y97q7cp80000gn/T/trans_feature_xgboost_model-1568317788972/tree_row_248.dat"	"/var/folders/04/7l1hz2fj7ng5k2r8y97q7cp80000gn/T/trans_feature_xgboost_model-1568317788972/region_prediction_row_248.dat"
29	7	0	"/var/folders/04/7l1hz2fj7ng5k2r8y97q7cp80000gn/T/trans_feature_xgboost_model-1568317788972/tree_row_249.dat"	"/var/folders/04/7l1hz2fj7ng5k2r8y97q7cp80000gn/T/trans_feature_xgboost_model-1568317788972/region_prediction_row_249.dat"
9	1	0	"/var/folders/04/7l1hz2fj7ng5k2r8y97q7cp80000gn/T/trans_feature_xgboost_model-1568317788972/tree_row_250.dat"	"/var/folders/04/7l1hz2fj7ng5k2r8y97q7cp80000gn/T/trans_feature_xgboost_model-1568317788972/region_prediction_row_250.dat"
9	10	0	"/var/folders/04/7l1hz2fj7ng5k2r8y97q7cp80000gn/T/trans_feature_xgboost_model-1568317788972/tree_row_251.dat"	"/var/folders/04/7l1hz2fj7ng5k2r8y97q7cp80000gn/T/trans_feature_xgboost_model-1568317788972/region_prediction_row_251.dat"
9	5	0	"/var/folders/04/7l1hz2fj7ng5k2r8y97q7cp80000gn/T/trans_feature_xgboost_model-1568317788972/tree_row_252.dat"	"/var/folders/04/7l1hz2fj7ng5k2r8y97q7cp80000gn/T/trans_feature_xgboost_model-1568317788972/region_prediction_row_252.dat"
17	9	0	"/var/folders/04/7l1hz2fj7ng5k2r8y97q7cp80000gn/T/trans_feature_xgboost_model-1568317788972/tree_row_253.dat"	"/var/folders/04/7l1hz2fj7ng5k2r8y97q7cp80000gn/T/trans_feature_xgboost_model-1568317788972/region_prediction_row_253.dat"
10	2	0	"/var/folders/04/7l1hz2fj7ng5k2r8y97q7cp80000gn/T/trans_feature_xgboost_model-1568317788972/tree_row_254.dat"	"/var/folders/04/7l1hz2fj7ng5k2r8y97q7cp80000gn/T/trans_feature_xgboost_model-1568317788972/region_prediction_row_254.dat"
2	1	0	"/var/folders/04/7l1hz2fj7ng5k2r8y97q7cp80000gn/T/trans_feature_xgboost_model-1568317788972/tree_row_255.dat"	"/var/folders/04/7l1hz2fj7ng5k2r8y97q7cp80000gn/T/trans_feature_xgboost_model-1568317788972/region_prediction_row_255.dat"
20	2	0	"/var/folders/04/7l1hz2fj7ng5k2r8y97q7cp80000gn/T/trans_feature_xgboost_model-1568317788972/tree_row_256.dat"	"/var/folders/04/7l1hz2fj7ng5k2r8y97q7cp80000gn/T/trans_feature_xgboost_model-1568317788972/region_prediction_row_256.dat"
1	2	0	"/var/folders/04/7l1hz2fj7ng5k2r8y97q7cp80000gn/T/trans_feature_xgboost_model-1568317788972/tree_row_257.dat"	"/var/folders/04/7l1hz2fj7ng5k2r8y97q7cp80000gn/T/trans_feature_xgboost_model-1568317788972/region_prediction_row_257.dat"
9	7	0	"/var/folders/04/7l1hz2fj7ng5k2r8y97q7cp80000gn/T/trans_feature_xgboost_model-1568317788972/tree_row_258.dat"	"/var/folders/04/7l1hz2fj7ng5k2r8y97q7cp80000gn/T/trans_feature_xgboost_model-1568317788972/region_prediction_row_258.dat"
2	2	0	"/var/folders/04/7l1hz2fj7ng5k2r8y97q7cp80000gn/T/trans_feature_xgboost_model-1568317788972/tree_row_259.dat"	"/var/folders/04/7l1hz2fj7ng5k2r8y97q7cp80000gn/T/trans_feature_xgboost_model-1568317788972/region_prediction_row_259.dat"
26	8	0	"/var/folders/04/7l1hz2fj7ng5k2r8y97q7cp80000gn/T/trans_feature_xgboost_model-1568317788972/tree_row_260.dat"	"/var/folders/04/7l1hz2fj7ng5k2r8y97q7cp80000gn/T/trans_feature_xgboost_model-1568317788972/region_prediction_row_260.dat"
2	6	0	"/var/folders/04/7l1hz2fj7ng5k2r8y97q7cp80000gn/T/trans_feature_xgboost_model-1568317788972/tree_row_261.dat"	"/var/folders/04/7l1hz2fj7ng5k2r8y97q7cp80000gn/T/trans_feature_xgboost_model-1568317788972/region_prediction_row_261.dat"
19	10	0	"/var/folders/04/7l1hz2fj7ng5k2r8y97q7cp80000gn/T/trans_feature_xgboost_model-1568317788972/tree_row_262.dat"	"/var/folders/04/7l1hz2fj7ng5k2r8y97q7cp80000gn/T/trans_feature_xgboost_model-1568317788972/region_prediction_row_262.dat"
16	3	0	"/var/folders/04/7l1hz2fj7ng5k2r8y97q7cp80000gn/T/trans_feature_xgboost_model-1568317788972/tree_row_263.dat"	"/var/folders/04/7l1hz2fj7ng5k2r8y97q7cp80000gn/T/trans_feature_xgboost_model-1568317788972/region_prediction_row_263.dat"
27	10	0	"/var/folders/04/7l1hz2fj7ng5k2r8y97q7cp80000gn/T/trans_feature_xgboost_model-1568317788972/tree_row_264.dat"	"/var/folders/04/7l1hz2fj7ng5k2r8y97q7cp80000gn/T/trans_feature_xgboost_model-1568317788972/region_prediction_row_264.dat"
13	3	0	"/var/folders/04/7l1hz2fj7ng5k2r8y97q7cp80000gn/T/trans_feature_xgboost_model-1568317788972/tree_row_265.dat"	"/var/folders/04/7l1hz2fj7ng5k2r8y97q7cp80000gn/T/trans_feature_xgboost_model-1568317788972/region_prediction_row_265.dat"
24	2	0	"/var/folders/04/7l1hz2fj7ng5k2r8y97q7cp80000gn/T/trans_feature_xgboost_model-1568317788972/tree_row_266.dat"	"/var/folders/04/7l1hz2fj7ng5k2r8y97q7cp80000gn/T/trans_feature_xgboost_model-1568317788972/region_prediction_row_266.dat"
0	2	0	"/var/folders/04/7l1hz2fj7ng5k2r8y97q7cp80000gn/T/trans_feature_xgboost_model-1568317788972/tree_row_267.dat"	"/var/folders/04/7l1hz2fj7ng5k2r8y97q7cp80000gn/T/trans_feature_xgboost_model-1568317788972/region_prediction_row_267.dat"
14	3	0	"/var/folders/04/7l1hz2fj7ng5k2r8y97q7cp80000gn/T/trans_feature_xgboost_model-1568317788972/tree_row_268.dat"	"/var/folders/04/7l1hz2fj7ng5k2r8y97q7cp80000gn/T/trans_feature_xgboost_model-1568317788972/region_prediction_row_268.dat"
5	7	0	"/var/folders/04/7l1hz2fj7ng5k2r8y97q7cp80000gn/T/trans_feature_xgboost_model-1568317788972/tree_row_269.dat"	"/var/folders/04/7l1hz2fj7ng5k2r8y97q7cp80000gn/T/trans_feature_xgboost_model-1568317788972/region_prediction_row_269.dat"
16	5	0	"/var/folders/04/7l1hz2fj7ng5k2r8y97q7cp80000gn/T/trans_feature_xgboost_model-1568317788972/tree_row_270.dat"	"/var/folders/04/7l1hz2fj7ng5k2r8y97q7cp80000gn/T/trans_feature_xgboost_model-1568317788972/region_prediction_row_270.dat"
0	4	0	"/var/folders/04/7l1hz2fj7ng5k2r8y97q7cp80000gn/T/trans_feature_xgboost_model-1568317788972/tree_row_271.dat"	"/var/folders/04/7l1hz2fj7ng5k2r8y97q7cp80000gn/T/trans_feature_xgboost_model-1568317788972/region_prediction_row_271.dat"
15	7	0	"/var/folders/04/7l1hz2fj7ng5k2r8y97q7cp80000gn/T/trans_feature_xgboost_model-1568317788972/tree_row_272.dat"	"/var/folders/04/7l1hz2fj7ng5k2r8y97q7cp80000gn/T/trans_feature_xgboost_model-1568317788972/region_prediction_row_272.dat"
13	2	0	"/var/folders/04/7l1hz2fj7ng5k2r8y97q7cp80000gn/T/trans_feature_xgboost_model-1568317788972/tree_row_273.dat"	"/var/folders/04/7l1hz2fj7ng5k2r8y97q7cp80000gn/T/trans_feature_xgboost_model-1568317788972/region_prediction_row_273.dat"
8	9	0	"/var/folders/04/7l1hz2fj7ng5k2r8y97q7cp80000gn/T/trans_feature_xgboost_model-1568317788972/tree_row_274.dat"	"/var/folders/04/7l1hz2fj7ng5k2r8y97q7cp80000gn/T/trans_feature_xgboost_model-1568317788972/region_prediction_row_274.dat"
1	8	0	"/var/folders/04/7l1hz2fj7ng5k2r8y97q7cp80000gn/T/trans_feature_xgboost_model-1568317788972/tree_row_275.dat"	"/var/folders/04/7l1hz2fj7ng5k2r8y97q7cp80000gn/T/trans_feature_xgboost_model-1568317788972/region_prediction_row_275.dat"
14	7	0	"/var/folders/04/7l1hz2fj7ng5k2r8y97q7cp80000gn/T/trans_feature_xgboost_model-1568317788972/tree_row_276.dat"	"/var/folders/04/7l1hz2fj7ng5k2r8y97q7cp80000gn/T/trans_feature_xgboost_model-1568317788972/region_prediction_row_276.dat"
5	4	0	"/var/folders/04/7l1hz2fj7ng5k2r8y97q7cp80000gn/T/trans_feature_xgboost_model-1568317788972/tree_row_277.dat"	"/var/folders/04/7l1hz2fj7ng5k2r8y97q7cp80000gn/T/trans_feature_xgboost_model-1568317788972/region_prediction_row_277.dat"
3	9	0	"/var/folders/04/7l1hz2fj7ng5k2r8y97q7cp80000gn/T/trans_feature_xgboost_model-1568317788972/tree_row_278.dat"	"/var/folders/04/7l1hz2fj7ng5k2r8y97q7cp80000gn/T/trans_feature_xgboost_model-1568317788972/region_prediction_row_278.dat"
24	6	0	"/var/folders/04/7l1hz2fj7ng5k2r8y97q7cp80000gn/T/trans_feature_xgboost_model-1568317788972/tree_row_279.dat"	"/var/folders/04/7l1hz2fj7ng5k2r8y97q7cp80000gn/T/trans_feature_xgboost_model-1568317788972/region_prediction_row_279.dat"
17	5	0	"/var/folders/04/7l1hz2fj7ng5k2r8y97q7cp80000gn/T/trans_feature_xgboost_model-1568317788972/tree_row_280.dat"	"/var/folders/04/7l1hz2fj7ng5k2r8y97q7cp80000gn/T/trans_feature_xgboost_model-1568317788972/region_prediction_row_280.dat"
23	10	0	"/var/folders/04/7l1hz2fj7ng5k2r8y97q7cp80000gn/T/trans_feature_xgboost_model-1568317788972/tree_row_281.dat"	"/var/folders/04/7l1hz2fj7ng5k2r8y97q7cp80000gn/T/trans_feature_xgboost_model-1568317788972/region_prediction_row_281.dat"
28	6	0	"/var/folders/04/7l1hz2fj7ng5k2r8y97q7cp80000gn/T/trans_feature_xgboost_model-1568317788972/tree_row_282.dat"	"/var/folders/04/7l1hz2fj7ng5k2r8y97q7cp80000gn/T/trans_feature_xgboost_model-1568317788972/region_prediction_row_282.dat"
16	9	0	"/var/folders/04/7l1hz2fj7ng5k2r8y97q7cp80000gn/T/trans_feature_xgboost_model-1568317788972/tree_row_283.dat"	"/var/folders/04/7l1hz2fj7ng5k2r8y97q7cp80000gn/T/trans_feature_xgboost_model-1568317788972/region_prediction_row_283.dat"
24	7	0	"/var/folders/04/7l1hz2fj7ng5k2r8y97q7cp80000gn/T/trans_feature_xgboost_model-1568317788972/tree_row_284.dat"	"/var/folders/04/7l1hz2fj7ng5k2r8y97q7cp80000gn/T/trans_feature_xgboost_model-1568317788972/region_prediction_row_284.dat"
23	6	0	"/var/folders/04/7l1hz2fj7ng5k2r8y97q7cp80000gn/T/trans_feature_xgboost_model-1568317788972/tree_row_285.dat"	"/var/folders/04/7l1hz2fj7ng5k2r8y97q7cp80000gn/T/trans_feature_xgboost_model-1568317788972/region_prediction_row_285.dat"
19	7	0	"/var/folders/04/7l1hz2fj7ng5k2r8y97q7cp80000gn/T/trans_feature_xgboost_model-1568317788972/tree_row_286.dat"	"/var/folders/04/7l1hz2fj7ng5k2r8y97q7cp80000gn/T/trans_feature_xgboost_model-1568317788972/region_prediction_row_286.dat"
18	9	0	"/var/folders/04/7l1hz2fj7ng5k2r8y97q7cp80000gn/T/trans_feature_xgboost_model-1568317788972/tree_row_287.dat"	"/var/folders/04/7l1hz2fj7ng5k2r8y97q7cp80000gn/T/trans_feature_xgboost_model-1568317788972/region_prediction_row_287.dat"
27	5	0	"/var/folders/04/7l1hz2fj7ng5k2r8y97q7cp80000gn/T/trans_feature_xgboost_model-1568317788972/tree_row_288.dat"	"/var/folders/04/7l1hz2fj7ng5k2r8y97q7cp80000gn/T/trans_feature_xgboost_model-1568317788972/region_prediction_row_288.dat"
2	5	0	"/var/folders/04/7l1hz2fj7ng5k2r8y97q7cp80000gn/T/trans_feature_xgboost_model-1568317788972/tree_row_289.dat"	"/var/folders/04/7l1hz2fj7ng5k2r8y97q7cp80000gn/T/trans_feature_xgboost_model-1568317788972/region_prediction_row_289.dat"
11	5	0	"/var/folders/04/7l1hz2fj7ng5k2r8y97q7cp80000gn/T/trans_feature_xgboost_model-1568317788972/tree_row_290.dat"	"/var/folders/04/7l1hz2fj7ng5k2r8y97q7cp80000gn/T/trans_feature_xgboost_model-1568317788972/region_prediction_row_290.dat"
1	5	0	"/var/folders/04/7l1hz2fj7ng5k2r8y97q7cp80000gn/T/trans_feature_xgboost_model-1568317788972/tree_row_291.dat"	"/var/folders/04/7l1hz2fj7ng5k2r8y97q7cp80000gn/T/trans_feature_xgboost_model-1568317788972/region_prediction_row_291.dat"
20	9	0	"/var/folders/04/7l1hz2fj7ng5k2r8y97q7cp80000gn/T/trans_feature_xgboost_model-1568317788972/tree_row_292.dat"	"/var/folders/04/7l1hz2fj7ng5k2r8y97q7cp80000gn/T/trans_feature_xgboost_model-1568317788972/region_prediction_row_292.dat"
23	1	0	"/var/folders/04/7l1hz2fj7ng5k2r8y97q7cp80000gn/T/trans_feature_xgboost_model-1568317788972/tree_row_293.dat"	"/var/folders/04/7l1hz2fj7ng5k2r8y97q7cp80000gn/T/trans_feature_xgboost_model-1568317788972/region_prediction_row_293.dat"
15	9	0	"/var/folders/04/7l1hz2fj7ng5k2r8y97q7cp80000gn/T/trans_feature_xgboost_model-1568317788972/tree_row_294.dat"	"/var/folders/04/7l1hz2fj7ng5k2r8y97q7cp80000gn/T/trans_feature_xgboost_model-1568317788972/region_prediction_row_294.dat"
8	6	0	"/var/folders/04/7l1hz2fj7ng5k2r8y97q7cp80000gn/T/trans_feature_xgboost_model-1568317788972/tree_row_295.dat"	"/var/folders/04/7l1hz2fj7ng5k2r8y97q7cp80000gn/T/trans_feature_xgboost_model-1568317788972/region_prediction_row_295.dat"
22	4	0	"/var/folders/04/7l1hz2fj7ng5k2r8y97q7cp80000gn/T/trans_feature_xgboost_model-1568317788972/tree_row_296.dat"	"/var/folders/04/7l1hz2fj7ng5k2r8y97q7cp80000gn/T/trans_feature_xgboost_model-1568317788972/region_prediction_row_296.dat"
14	1	0	"/var/folders/04/7l1hz2fj7ng5k2r8y97q7cp80000gn/T/trans_feature_xgboost_model-1568317788972/tree_row_297.dat"	"/var/folders/04/7l1hz2fj7ng5k2r8y97q7cp80000gn/T/trans_feature_xgboost_model-1568317788972/region_prediction_row_297.dat"
8	5	0	"/var/folders/04/7l1hz2fj7ng5k2r8y97q7cp80000gn/T/trans_feature_xgboost_model-1568317788972/tree_row_298.dat"	"/var/folders/04/7l1hz2fj7ng5k2r8y97q7cp80000gn/T/trans_feature_xgboost_model-1568317788972/region_prediction_row_298.dat"
19	3	0	"/var/folders/04/7l1hz2fj7ng5k2r8y97q7cp80000gn/T/trans_feature_xgboost_model-1568317788972/tree_row_299.dat"	"/var/folders/04/7l1hz2fj7ng5k2r8y97q7cp80000gn/T/trans_feature_xgboost_model-1568317788972/region_prediction_row_299.dat"
15	3	0	"/var/folders/04/7l1hz2fj7ng5k2r8y97q7cp80000gn/T/trans_feature_xgboost_model-1568317788972/tree_row_300.dat"	"/var/folders/04/7l1hz2fj7ng5k2r8y97q7cp80000gn/T/trans_feature_xgboost_model-1568317788972/region_prediction_row_300.dat"
23	5	0	"/var/folders/04/7l1hz2fj7ng5k2r8y97q7cp80000gn/T/trans_feature_xgboost_model-1568317788972/tree_row_301.dat"	"/var/folders/04/7l1hz2fj7ng5k2r8y97q7cp80000gn/T/trans_feature_xgboost_model-1568317788972/region_prediction_row_301.dat"
